date,open,close
2016-08-11 00:00:00,1741.33,1703.78
2016-08-12 00:00:00,1703.78,1722.31
2016-08-15 00:00:00,1722.31,1760.66
2016-08-16 00:00:00,1760.66,1767.05
2016-08-17 00:00:00,1767.05,1784.78
2016-08-18 00:00:00,1784.78,1773.53
2016-08-19 00:00:00,1773.53,1775.88
2016-08-22 00:00:00,1775.88,1744.61
2016-08-23 00:00:00,1744.61,1741.47
2016-08-24 00:00:00,1741.47,1756.93
2016-08-25 00:00:00,1756.93,1746.14
2016-08-26 00:00:00,1746.14,1754.43
2016-08-29 00:00:00,1754.43,1759.88
2016-08-30 00:00:00,1759.88,1787.39
2016-08-31 00:00:00,1787.39,1774.92
2016-09-01 00:00:00,1774.92,1753.4
2016-09-02 00:00:00,1753.4,1735.3
2016-09-05 00:00:00,1735.3,1742.19
2016-09-06 00:00:00,1742.19,1758.76
2016-09-07 00:00:00,1758.76,1765.28
2016-09-08 00:00:00,1765.28,1768.45
2016-09-09 00:00:00,1768.45,1760.52
2016-09-12 00:00:00,1760.52,1713.41
2016-09-13 00:00:00,1713.41,1725.84
2016-09-14 00:00:00,1725.84,1707.11
2016-09-19 00:00:00,1707.11,1717.31
2016-09-20 00:00:00,1717.31,1703.16
2016-09-21 00:00:00,1703.16,1707.66
2016-09-22 00:00:00,1707.66,1711.18
2016-09-23 00:00:00,1711.18,1705.94
2016-09-26 00:00:00,1705.94,1658.41
2016-09-27 00:00:00,1658.41,1669.46
2016-09-28 00:00:00,1669.46,1668.32
2016-09-29 00:00:00,1668.32,1668.78
2016-09-30 00:00:00,1668.78,1680.63
2016-10-10 00:00:00,1680.63,1715.4
2016-10-11 00:00:00,1715.4,1727.38
2016-10-12 00:00:00,1727.38,1729.29
2016-10-13 00:00:00,1729.29,1729.21
2016-10-14 00:00:00,1729.21,1723.23
2016-10-17 00:00:00,1723.23,1700.86
2016-10-18 00:00:00,1700.86,1720.71
2016-10-19 00:00:00,1720.71,1729.91
2016-10-20 00:00:00,1729.91,1727.44
2016-10-21 00:00:00,1727.44,1716.26
2016-10-24 00:00:00,1716.26,1729.71
2016-10-25 00:00:00,1729.71,1726.92
2016-10-26 00:00:00,1726.92,1718.94
2016-10-27 00:00:00,1718.94,1727.35
2016-10-28 00:00:00,1727.35,1711.32
2016-10-31 00:00:00,1711.32,1709.23
2016-11-01 00:00:00,1709.23,1715.82
2016-11-02 00:00:00,1715.82,1708.68
2016-11-03 00:00:00,1708.68,1712.04
2016-11-04 00:00:00,1712.04,1694.79
2016-11-07 00:00:00,1694.79,1687.45
2016-11-08 00:00:00,1687.45,1696.55
2016-11-09 00:00:00,1696.55,1681.83
2016-11-10 00:00:00,1681.83,1697.77
2016-11-11 00:00:00,1697.77,1703.66
2016-11-14 00:00:00,1703.66,1712.32
2016-11-15 00:00:00,1712.32,1710.51
2016-11-16 00:00:00,1710.51,1707.14
2016-11-17 00:00:00,1707.14,1710.8
2016-11-18 00:00:00,1710.8,1704.04
2016-11-21 00:00:00,1704.04,1702.38
2016-11-22 00:00:00,1702.38,1708.34
2016-11-23 00:00:00,1708.34,1720.52
2016-11-24 00:00:00,1720.52,1699.56
2016-11-25 00:00:00,1699.56,1709.23
2016-11-28 00:00:00,1709.23,1711.11
2016-11-29 00:00:00,1711.11,1713.06
2016-11-30 00:00:00,1713.06,1705.27
2016-12-01 00:00:00,1705.27,1708.8
2016-12-02 00:00:00,1708.8,1681.87
2016-12-05 00:00:00,1681.87,1688.09
2016-12-06 00:00:00,1688.09,1675.26
2016-12-07 00:00:00,1675.26,1694.15
2016-12-08 00:00:00,1694.15,1673.1
2016-12-09 00:00:00,1673.1,1662.01
2016-12-12 00:00:00,1662.01,1589.14
2016-12-13 00:00:00,1589.14,1609.09
2016-12-14 00:00:00,1609.09,1622.38
2016-12-15 00:00:00,1622.38,1646.51
2016-12-16 00:00:00,1646.51,1636.95
2016-12-19 00:00:00,1636.95,1635.15
2016-12-20 00:00:00,1635.15,1623.9
2016-12-21 00:00:00,1623.9,1648.23
2016-12-22 00:00:00,1648.23,1640.63
2016-12-23 00:00:00,1640.63,1633.4
2016-12-26 00:00:00,1633.4,1630.05
2016-12-27 00:00:00,1630.05,1620.23
2016-12-28 00:00:00,1620.23,1616.74
2016-12-29 00:00:00,1616.74,1615.36
2016-12-30 00:00:00,1615.36,1614.31
2017-01-03 00:00:00,1614.31,1669.21
2017-01-04 00:00:00,1669.21,1685.2
2017-01-05 00:00:00,1685.2,1700.68
2017-01-06 00:00:00,1700.68,1694.51
2017-01-09 00:00:00,1694.51,1755.01
2017-01-10 00:00:00,1755.01,1725.8
2017-01-11 00:00:00,1725.8,1724.1
2017-01-12 00:00:00,1724.1,1698.04
2017-01-13 00:00:00,1698.04,1679.07
2017-01-16 00:00:00,1679.07,1638.62
2017-01-17 00:00:00,1638.62,1672.64
2017-01-18 00:00:00,1672.64,1661.26
2017-01-19 00:00:00,1661.26,1648.64
2017-01-20 00:00:00,1648.64,1668.75
2017-01-23 00:00:00,1668.75,1693.84
2017-01-24 00:00:00,1693.84,1685.49
2017-01-25 00:00:00,1685.49,1688.42
2017-01-26 00:00:00,1688.42,1700.86
2017-02-03 00:00:00,1700.86,1706.67
2017-02-06 00:00:00,1706.67,1725.89
2017-02-07 00:00:00,1725.89,1705.67
2017-02-08 00:00:00,1705.67,1736.96
2017-02-09 00:00:00,1736.96,1737.71
2017-02-10 00:00:00,1737.71,1712.17
2017-02-13 00:00:00,1712.17,1714.64
2017-02-14 00:00:00,1714.64,1712.42
2017-02-15 00:00:00,1712.42,1690.24
2017-02-16 00:00:00,1690.24,1697.88
2017-02-17 00:00:00,1697.88,1709.32
2017-02-20 00:00:00,1709.32,1717.98
2017-02-21 00:00:00,1717.98,1724.92
2017-02-22 00:00:00,1724.92,1717.06
2017-02-23 00:00:00,1717.06,1697.92
2017-02-24 00:00:00,1697.92,1713.47
2017-02-27 00:00:00,1713.47,1691.84
2017-02-28 00:00:00,1691.84,1696.74
2017-03-01 00:00:00,1696.74,1710.92
2017-03-02 00:00:00,1710.92,1697.45
2017-03-03 00:00:00,1697.45,1713.67
2017-03-06 00:00:00,1713.67,1739.79
2017-03-07 00:00:00,1739.79,1730.77
2017-03-08 00:00:00,1730.77,1739.08
2017-03-09 00:00:00,1739.08,1722.32
2017-03-10 00:00:00,1722.32,1711.51
2017-03-13 00:00:00,1711.51,1727.32
2017-03-14 00:00:00,1727.32,1718.79
2017-03-15 00:00:00,1718.79,1707.13
2017-03-16 00:00:00,1707.13,1723.69
2017-03-17 00:00:00,1723.69,1700.54
2017-03-20 00:00:00,1700.54,1698.71
2017-03-21 00:00:00,1698.71,1696.39
2017-03-22 00:00:00,1696.39,1678.28
2017-03-23 00:00:00,1678.28,1690.56
2017-03-24 00:00:00,1690.56,1690.23
2017-03-27 00:00:00,1690.23,1701.57
2017-03-28 00:00:00,1701.57,1693.29
2017-03-29 00:00:00,1693.29,1683.71
2017-03-30 00:00:00,1683.71,1647.23
2017-03-31 00:00:00,1647.23,1677.56
2017-04-05 00:00:00,1677.56,1700.43
2017-04-06 00:00:00,1700.43,1691.92
2017-04-07 00:00:00,1691.92,1717.05
2017-04-10 00:00:00,1717.05,1721.58
2017-04-11 00:00:00,1721.58,1813.5
2017-04-12 00:00:00,1813.5,1789.66
2017-04-13 00:00:00,1789.66,1778.81
2017-04-14 00:00:00,1778.81,1761.49
2017-04-17 00:00:00,1761.49,1708.31
2017-04-18 00:00:00,1708.31,1694.87
2017-04-19 00:00:00,1694.87,1662.39
2017-04-20 00:00:00,1662.39,1656.42
2017-04-21 00:00:00,1656.42,1634.61
2017-04-24 00:00:00,1634.61,1589.0
2017-04-25 00:00:00,1589.0,1600.67
2017-04-26 00:00:00,1600.67,1585.87
2017-04-27 00:00:00,1585.87,1573.6
2017-04-28 00:00:00,1573.6,1582.05
2017-05-02 00:00:00,1582.05,1568.58
2017-05-03 00:00:00,1568.58,1577.98
2017-05-04 00:00:00,1577.98,1541.09
2017-05-05 00:00:00,1541.09,1486.75
2017-05-08 00:00:00,1486.75,1414.68
2017-05-09 00:00:00,1414.68,1427.28
2017-05-10 00:00:00,1427.28,1370.06
2017-05-11 00:00:00,1370.06,1368.82
2017-05-12 00:00:00,1368.82,1354.19
2017-05-15 00:00:00,1354.19,1356.62
2017-05-16 00:00:00,1356.62,1380.03
2017-05-17 00:00:00,1380.03,1393.29
2017-05-18 00:00:00,1393.29,1374.62
2017-05-19 00:00:00,1374.62,1367.75
2017-05-22 00:00:00,1367.75,1339.36
2017-05-23 00:00:00,1339.36,1277.1
2017-05-24 00:00:00,1277.1,1287.55
2017-05-25 00:00:00,1287.55,1301.75
2017-05-26 00:00:00,1301.75,1297.61
2017-05-31 00:00:00,1297.61,1295.62
2017-06-01 00:00:00,1295.62,1256.88
2017-06-02 00:00:00,1256.88,1286.0
2017-06-05 00:00:00,1286.0,1299.63
2017-06-06 00:00:00,1299.63,1319.96
2017-06-07 00:00:00,1319.96,1339.81
2017-06-08 00:00:00,1339.81,1334.65
2017-06-09 00:00:00,1334.65,1339.74
2017-06-12 00:00:00,1339.74,1310.64
2017-06-13 00:00:00,1310.64,1324.07
2017-06-14 00:00:00,1324.07,1341.85
2017-06-15 00:00:00,1341.85,1357.95
2017-06-16 00:00:00,1357.95,1373.19
2017-06-19 00:00:00,1373.19,1403.84
2017-06-20 00:00:00,1403.84,1396.08
2017-06-21 00:00:00,1396.08,1394.87
2017-06-22 00:00:00,1394.87,1365.71
2017-06-23 00:00:00,1365.71,1372.09
2017-06-26 00:00:00,1372.09,1388.76
2017-06-27 00:00:00,1388.76,1401.11
2017-06-28 00:00:00,1401.11,1380.97
2017-06-29 00:00:00,1380.97,1392.18
2017-06-30 00:00:00,1392.18,1386.17
2017-07-03 00:00:00,1386.17,1387.25
2017-07-04 00:00:00,1387.25,1397.11
2017-07-05 00:00:00,1397.11,1400.42
2017-07-06 00:00:00,1400.42,1400.37
2017-07-07 00:00:00,1400.37,1411.53
2017-07-10 00:00:00,1411.53,1412.11
2017-07-11 00:00:00,1412.11,1400.39
2017-07-12 00:00:00,1400.39,1392.27
2017-07-13 00:00:00,1392.27,1407.25
2017-07-14 00:00:00,1407.25,1403.95
2017-07-17 00:00:00,1403.95,1309.72
2017-07-18 00:00:00,1309.72,1328.0
2017-07-19 00:00:00,1328.0,1346.6
2017-07-20 00:00:00,1346.6,1354.48
2017-07-21 00:00:00,1354.48,1363.85
2017-07-24 00:00:00,1363.85,1402.16
2017-07-25 00:00:00,1402.16,1383.23
2017-07-26 00:00:00,1383.23,1391.08
2017-07-27 00:00:00,1391.08,1404.65
2017-07-28 00:00:00,1404.65,1386.0
2017-07-31 00:00:00,1386.0,1368.46
2017-08-01 00:00:00,1368.46,1356.48
2017-08-02 00:00:00,1356.48,1328.21
2017-08-03 00:00:00,1328.21,1333.97
2017-08-04 00:00:00,1333.97,1425.15
2017-08-07 00:00:00,1425.15,1418.36
2017-08-08 00:00:00,1418.36,1424.82
2017-08-09 00:00:00,1424.82,1411.87
2017-08-10 00:00:00,1411.87,1421.89
2017-08-11 00:00:00,1421.89,1416.67
2017-08-14 00:00:00,1416.67,1436.21
2017-08-15 00:00:00,1436.21,1437.29
2017-08-16 00:00:00,1437.29,1458.67
2017-08-17 00:00:00,1458.67,1466.49
2017-08-18 00:00:00,1466.49,1442.54
2017-08-21 00:00:00,1442.54,1445.21
2017-08-22 00:00:00,1445.21,1421.84
2017-08-23 00:00:00,1421.84,1424.24
2017-08-24 00:00:00,1424.24,1412.63
2017-08-25 00:00:00,1412.63,1426.01
2017-08-28 00:00:00,1426.01,1443.46
2017-08-29 00:00:00,1443.46,1412.1
2017-08-30 00:00:00,1412.1,1419.43
2017-08-31 00:00:00,1419.43,1417.13
2017-09-01 00:00:00,1417.13,1418.2
2017-09-04 00:00:00,1418.2,1439.15
2017-09-05 00:00:00,1439.15,1428.1
2017-09-06 00:00:00,1428.1,1445.45
2017-09-07 00:00:00,1445.45,1426.35
2017-09-08 00:00:00,1426.35,1416.26
2017-09-11 00:00:00,1416.26,1426.44
2017-09-12 00:00:00,1426.44,1418.18
2017-09-13 00:00:00,1418.18,1425.78
2017-09-14 00:00:00,1425.78,1414.9
2017-09-15 00:00:00,1414.9,1434.37
2017-09-18 00:00:00,1434.37,1440.76
2017-09-19 00:00:00,1440.76,1427.13
2017-09-20 00:00:00,1427.13,1442.66
2017-09-21 00:00:00,1442.66,1424.45
2017-09-22 00:00:00,1424.45,1418.23
2017-09-25 00:00:00,1418.23,1411.47
2017-09-26 00:00:00,1411.47,1420.83
2017-09-27 00:00:00,1420.83,1433.14
2017-09-28 00:00:00,1433.14,1444.95
2017-09-29 00:00:00,1444.95,1452.77
2017-10-09 00:00:00,1452.77,1453.25
2017-10-10 00:00:00,1453.25,1458.08
2017-10-11 00:00:00,1458.08,1450.42
2017-10-12 00:00:00,1450.42,1485.45
2017-10-13 00:00:00,1485.45,1477.91
2017-10-16 00:00:00,1477.91,1473.91
2017-10-17 00:00:00,1473.91,1465.58
2017-10-18 00:00:00,1465.58,1451.64
2017-10-19 00:00:00,1451.64,1416.53
2017-10-20 00:00:00,1416.53,1429.75
2017-10-23 00:00:00,1429.75,1424.21
2017-10-24 00:00:00,1424.21,1407.86
2017-10-25 00:00:00,1407.86,1414.77
2017-10-26 00:00:00,1414.77,1426.17
2017-10-27 00:00:00,1426.17,1413.81
2017-10-30 00:00:00,1413.81,1367.47
2017-10-31 00:00:00,1367.47,1371.66
2017-11-01 00:00:00,1371.66,1368.54
2017-11-02 00:00:00,1368.54,1348.83
2017-11-03 00:00:00,1348.83,1344.03
2017-11-06 00:00:00,1344.03,1363.47
2017-11-07 00:00:00,1363.47,1377.9
2017-11-08 00:00:00,1377.9,1382.31
2017-11-09 00:00:00,1382.31,1389.74
2017-11-10 00:00:00,1389.74,1381.74
2017-11-13 00:00:00,1381.74,1378.25
2017-11-14 00:00:00,1378.25,1399.09
2017-11-15 00:00:00,1399.09,1376.46
2017-11-16 00:00:00,1376.46,1367.28
2017-11-17 00:00:00,1367.28,1313.79
2017-11-20 00:00:00,1313.79,1322.77
2017-11-21 00:00:00,1322.77,1317.13
2017-11-22 00:00:00,1317.13,1354.87
2017-11-23 00:00:00,1354.87,1312.88
2017-11-24 00:00:00,1312.88,1313.07
2017-11-27 00:00:00,1313.07,1300.54
2017-11-28 00:00:00,1300.54,1316.14
2017-11-29 00:00:00,1316.14,1311.46
2017-11-30 00:00:00,1311.46,1311.45
2017-12-01 00:00:00,1311.45,1318.71
2017-12-04 00:00:00,1318.71,1302.87
2017-12-05 00:00:00,1302.87,1287.78
2017-12-06 00:00:00,1287.78,1311.65
2017-12-07 00:00:00,1311.65,1333.89
2017-12-08 00:00:00,1333.89,1335.48
2017-12-11 00:00:00,1335.48,1345.76
2017-12-12 00:00:00,1345.76,1331.24
2017-12-13 00:00:00,1331.24,1341.8
2017-12-14 00:00:00,1341.8,1342.8
2017-12-15 00:00:00,1342.8,1346.66
2017-12-18 00:00:00,1346.66,1338.92
2017-12-19 00:00:00,1338.92,1346.91
2017-12-20 00:00:00,1346.91,1325.67
2017-12-21 00:00:00,1325.67,1332.2
2017-12-22 00:00:00,1332.2,1318.65
2017-12-25 00:00:00,1318.65,1283.24
2017-12-26 00:00:00,1283.24,1288.87
2017-12-27 00:00:00,1288.87,1281.59
2017-12-28 00:00:00,1281.59,1281.86
2017-12-29 00:00:00,1281.86,1288.48
2018-01-02 00:00:00,1288.48,1299.98
2018-01-03 00:00:00,1299.98,1311.78
2018-01-04 00:00:00,1311.78,1311.54
2018-01-05 00:00:00,1311.54,1302.89
2018-01-08 00:00:00,1302.89,1297.85
2018-01-09 00:00:00,1297.85,1300.48
2018-01-10 00:00:00,1300.48,1283.6
2018-01-11 00:00:00,1283.6,1287.82
2018-01-12 00:00:00,1287.82,1272.32
2018-01-15 00:00:00,1272.32,1224.9
2018-01-16 00:00:00,1224.9,1216.12
2018-01-17 00:00:00,1216.12,1217.94
2018-01-18 00:00:00,1217.94,1215.68
2018-01-19 00:00:00,1215.68,1228.74
2018-01-22 00:00:00,1228.74,1235.21
2018-01-23 00:00:00,1235.21,1236.18
2018-01-24 00:00:00,1236.18,1246.07
2018-01-25 00:00:00,1246.07,1263.82
2018-01-26 00:00:00,1263.82,1259.03
2018-01-29 00:00:00,1259.03,1241.07
2018-01-30 00:00:00,1241.07,1241.38
2018-01-31 00:00:00,1241.38,1210.43
2018-02-01 00:00:00,1210.43,1168.94
2018-02-02 00:00:00,1168.94,1169.37
2018-02-05 00:00:00,1169.37,1161.01
2018-02-06 00:00:00,1161.01,1088.68
2018-02-07 00:00:00,1088.68,1080.24
2018-02-08 00:00:00,1080.24,1102.28
2018-02-09 00:00:00,1102.28,1065.06
2018-02-12 00:00:00,1065.06,1089.44
2018-02-13 00:00:00,1089.44,1097.58
2018-02-14 00:00:00,1097.58,1095.77
2018-02-22 00:00:00,1095.77,1109.65
2018-02-23 00:00:00,1109.65,1114.19
2018-02-26 00:00:00,1114.19,1150.92
2018-02-27 00:00:00,1150.92,1188.8
2018-02-28 00:00:00,1188.8,1191.98
2018-03-01 00:00:00,1191.98,1203.4
2018-03-02 00:00:00,1203.4,1199.21
2018-03-05 00:00:00,1199.21,1217.63
2018-03-06 00:00:00,1217.63,1229.11
2018-03-07 00:00:00,1229.11,1210.88
2018-03-08 00:00:00,1210.88,1215.66
2018-03-09 00:00:00,1215.66,1236.75
2018-03-12 00:00:00,1236.75,1251.82
2018-03-13 00:00:00,1251.82,1234.33
2018-03-14 00:00:00,1234.33,1205.64
2018-03-15 00:00:00,1205.64,1208.28
2018-03-16 00:00:00,1208.28,1199.45
2018-03-19 00:00:00,1199.45,1214.63
2018-03-20 00:00:00,1214.63,1220.82
2018-03-21 00:00:00,1220.82,1230.15
2018-03-22 00:00:00,1230.15,1225.02
2018-03-23 00:00:00,1225.02,1195.98
2018-03-26 00:00:00,1195.98,1255.5
2018-03-27 00:00:00,1255.5,1281.32
2018-03-28 00:00:00,1281.32,1270.49
2018-03-29 00:00:00,1270.49,1261.03
2018-03-30 00:00:00,1261.03,1303.9
2018-04-02 00:00:00,1303.9,1339.25
2018-04-03 00:00:00,1339.25,1326.72
2018-04-04 00:00:00,1326.72,1323.04
2018-04-09 00:00:00,1323.04,1358.36
2018-04-10 00:00:00,1358.36,1322.22
2018-04-11 00:00:00,1322.22,1321.76
2018-04-12 00:00:00,1321.76,1306.03
2018-04-13 00:00:00,1306.03,1311.05
2018-04-16 00:00:00,1311.05,1320.37
2018-04-17 00:00:00,1320.37,1298.69
2018-04-18 00:00:00,1298.69,1334.26
2018-04-19 00:00:00,1334.26,1367.09
2018-04-20 00:00:00,1367.09,1357.48
2018-04-23 00:00:00,1357.48,1293.67
2018-04-24 00:00:00,1293.67,1323.51
2018-04-25 00:00:00,1323.51,1332.35
2018-04-26 00:00:00,1332.35,1313.56
2018-04-27 00:00:00,1313.56,1291.37
2018-05-02 00:00:00,1291.37,1277.78
2018-05-03 00:00:00,1277.78,1273.04
2018-05-04 00:00:00,1273.04,1272.02
2018-05-07 00:00:00,1272.02,1279.79
2018-05-08 00:00:00,1279.79,1292.8
2018-05-09 00:00:00,1292.8,1281.73
2018-05-10 00:00:00,1281.73,1263.69
2018-05-11 00:00:00,1263.69,1250.89
2018-05-14 00:00:00,1250.89,1228.85
2018-05-15 00:00:00,1228.85,1250.72
2018-05-16 00:00:00,1250.72,1257.4
2018-05-17 00:00:00,1257.4,1242.33
2018-05-18 00:00:00,1242.33,1245.54
2018-05-21 00:00:00,1245.54,1258.6
2018-05-22 00:00:00,1258.6,1253.62
2018-05-23 00:00:00,1253.62,1247.9
2018-05-24 00:00:00,1247.9,1232.69
2018-05-25 00:00:00,1232.69,1228.77
2018-05-28 00:00:00,1228.77,1191.61
2018-05-29 00:00:00,1191.61,1180.02
2018-05-30 00:00:00,1180.02,1149.63
2018-05-31 00:00:00,1149.63,1147.72
2018-06-01 00:00:00,1147.72,1132.67
2018-06-04 00:00:00,1132.67,1123.98
2018-06-05 00:00:00,1123.98,1148.96
2018-06-06 00:00:00,1148.96,1151.44
2018-06-07 00:00:00,1151.44,1131.93
2018-06-08 00:00:00,1131.93,1111.62
2018-06-11 00:00:00,1111.62,1106.94
2018-06-12 00:00:00,1106.94,1114.54
2018-06-13 00:00:00,1114.54,1093.53
2018-06-14 00:00:00,1093.53,1079.92
2018-06-15 00:00:00,1079.92,1046.84
2018-06-19 00:00:00,1046.84,994.25
2018-06-20 00:00:00,994.25,1020.0
2018-06-21 00:00:00,1020.0,991.04
2018-06-22 00:00:00,991.04,1012.38
2018-06-25 00:00:00,1012.38,1010.74
2018-06-26 00:00:00,1010.74,1034.73
2018-06-27 00:00:00,1034.73,1030.27
2018-06-28 00:00:00,1030.27,1020.11
2018-06-29 00:00:00,1020.11,1055.0
2018-07-02 00:00:00,1055.0,1048.71
2018-07-03 00:00:00,1048.71,1092.43
2018-07-04 00:00:00,1092.43,1082.07
2018-07-05 00:00:00,1082.07,1051.94
2018-07-06 00:00:00,1051.94,1062.68
2018-07-09 00:00:00,1062.68,1089.74
2018-07-10 00:00:00,1089.74,1098.81
2018-07-11 00:00:00,1098.81,1069.02
2018-07-12 00:00:00,1069.02,1094.15
2018-07-13 00:00:00,1094.15,1084.36
2018-07-16 00:00:00,1084.36,1099.41
2018-07-17 00:00:00,1099.41,1095.97
2018-07-18 00:00:00,1095.97,1078.15
2018-07-19 00:00:00,1078.15,1057.37
2018-07-20 00:00:00,1057.37,1077.8
2018-07-23 00:00:00,1077.8,1122.8
2018-07-24 00:00:00,1122.8,1131.06
2018-07-25 00:00:00,1131.06,1130.96
2018-07-26 00:00:00,1130.96,1116.76
2018-07-27 00:00:00,1116.76,1116.24
2018-07-30 00:00:00,1116.24,1106.91
2018-07-31 00:00:00,1106.91,1100.96
2018-08-01 00:00:00,1100.96,1065.44
2018-08-02 00:00:00,1065.44,1016.7
2018-08-03 00:00:00,1016.7,1012.02
2018-08-06 00:00:00,1012.02,981.74
2018-08-07 00:00:00,981.74,1007.22
2018-08-08 00:00:00,1007.22,985.38
2018-08-09 00:00:00,985.38,1021.16
2018-08-10 00:00:00,1021.16,1029.17
2018-08-13 00:00:00,1029.17,1045.0
2018-08-14 00:00:00,1045.0,1034.24
2018-08-15 00:00:00,1034.24,1022.24
2018-08-16 00:00:00,1022.24,1010.62
2018-08-17 00:00:00,1010.62,996.48
2018-08-20 00:00:00,996.48,1004.83
2018-08-21 00:00:00,1004.83,1021.85
2018-08-22 00:00:00,1021.85,1019.57
2018-08-23 00:00:00,1019.57,1029.32
2018-08-24 00:00:00,1029.32,1017.95
2018-08-27 00:00:00,1017.95,1050.85
2018-08-28 00:00:00,1050.85,1063.23
2018-08-29 00:00:00,1063.23,1063.95
2018-08-30 00:00:00,1063.95,1040.49
2018-08-31 00:00:00,1040.49,1036.22
2018-09-03 00:00:00,1036.22,1059.48
2018-09-04 00:00:00,1059.48,1096.35
2018-09-05 00:00:00,1096.35,1092.51
2018-09-06 00:00:00,1092.51,1101.7
2018-09-07 00:00:00,1101.7,1090.92
2018-09-10 00:00:00,1090.92,1066.28
2018-09-11 00:00:00,1066.28,1088.53
2018-09-12 00:00:00,1088.53,1104.25
2018-09-13 00:00:00,1104.25,1128.62
2018-09-14 00:00:00,1128.62,1089.12
2018-09-17 00:00:00,1089.12,1076.12
2018-09-18 00:00:00,1076.12,1090.51
2018-09-19 00:00:00,1090.51,1110.1
2018-09-20 00:00:00,1110.1,1094.2
2018-09-21 00:00:00,1094.2,1096.13
2018-09-25 00:00:00,1096.13,1107.29
2018-09-26 00:00:00,1107.29,1110.41
2018-09-27 00:00:00,1110.41,1092.04
2018-09-28 00:00:00,1092.04,1090.97
2018-10-08 00:00:00,1090.97,1062.76
2018-10-09 00:00:00,1062.76,1031.14
2018-10-10 00:00:00,1031.14,1041.59
2018-10-11 00:00:00,1041.59,967.74
2018-10-12 00:00:00,967.74,983.82
2018-10-15 00:00:00,983.82,979.86
2018-10-16 00:00:00,979.86,959.27
2018-10-17 00:00:00,959.27,950.29
2018-10-18 00:00:00,950.29,924.49
2018-10-19 00:00:00,924.49,943.01
2018-10-22 00:00:00,943.01,992.98
2018-10-23 00:00:00,992.98,977.88
2018-10-24 00:00:00,977.88,981.58
2018-10-25 00:00:00,981.58,969.59
2018-10-26 00:00:00,969.59,964.96
2018-10-29 00:00:00,964.96,949.32
2018-10-30 00:00:00,949.32,953.09
2018-10-31 00:00:00,953.09,966.39
2018-11-01 00:00:00,966.39,983.36
2018-11-02 00:00:00,983.36,1009.8
2018-11-05 00:00:00,1009.8,1018.58
2018-11-06 00:00:00,1018.58,1015.95
2018-11-07 00:00:00,1015.95,1006.89
2018-11-08 00:00:00,1006.89,991.04
2018-11-09 00:00:00,991.04,993.07
2018-11-12 00:00:00,993.07,1012.0
2018-11-13 00:00:00,1012.0,1022.46
2018-11-14 00:00:00,1022.46,1013.72
2018-11-15 00:00:00,1013.72,1040.34
2018-11-16 00:00:00,1040.34,1039.96
2018-11-19 00:00:00,1039.96,1043.11
2018-11-20 00:00:00,1043.11,1039.53
2018-11-21 00:00:00,1039.53,1034.92
2018-11-22 00:00:00,1034.92,1033.3
2018-11-23 00:00:00,1033.3,995.44
2018-11-26 00:00:00,995.44,997.66
2018-11-27 00:00:00,997.66,1010.61
2018-11-28 00:00:00,1010.61,1020.54
2018-11-29 00:00:00,1020.54,1005.43
2018-11-30 00:00:00,1005.43,1014.09
2018-12-03 00:00:00,1014.09,1038.96
2018-12-04 00:00:00,1038.96,1031.72
2018-12-05 00:00:00,1031.72,1019.84
2018-12-06 00:00:00,1019.84,1012.36
2018-12-07 00:00:00,1012.36,1009.91
2018-12-10 00:00:00,1009.91,990.99
2018-12-11 00:00:00,990.99,995.45
2018-12-12 00:00:00,995.45,995.51
2018-12-13 00:00:00,995.51,1010.19
2018-12-14 00:00:00,1010.19,991.97
2018-12-17 00:00:00,991.97,996.46
2018-12-18 00:00:00,996.46,983.39
2018-12-19 00:00:00,983.39,970.59
2018-12-20 00:00:00,970.59,962.96
2018-12-21 00:00:00,962.96,946.71
2018-12-24 00:00:00,946.71,956.12
2018-12-25 00:00:00,956.12,951.56
2018-12-26 00:00:00,951.56,941.35
2018-12-27 00:00:00,941.35,930.2
2018-12-28 00:00:00,930.2,933.87
2019-01-02 00:00:00,933.87,940.04
2019-01-03 00:00:00,940.04,965.19
2019-01-04 00:00:00,965.19,986.72
2019-01-07 00:00:00,986.72,1027.41
2019-01-08 00:00:00,1027.41,1013.24
2019-01-09 00:00:00,1013.24,1004.02
2019-01-10 00:00:00,1004.02,1005.62
2019-01-11 00:00:00,1005.62,1023.11
2019-01-14 00:00:00,1023.11,1012.78
2019-01-15 00:00:00,1012.78,1021.62
2019-01-16 00:00:00,1021.62,1012.39
2019-01-17 00:00:00,1012.39,997.65
2019-01-18 00:00:00,997.65,1006.16
2019-01-21 00:00:00,1006.16,1014.58
2019-01-22 00:00:00,1014.58,995.32
2019-01-23 00:00:00,995.32,997.0
2019-01-24 00:00:00,997.0,1010.91
2019-01-25 00:00:00,1010.91,998.5
2019-01-28 00:00:00,998.5,992.85
2019-01-29 00:00:00,992.85,973.89
2019-01-30 00:00:00,973.89,980.23
2019-01-31 00:00:00,980.23,972.97
2019-02-01 00:00:00,972.97,996.04
2019-02-11 00:00:00,996.04,1020.05
2019-02-12 00:00:00,1020.05,1026.63
2019-02-13 00:00:00,1026.63,1046.27
2019-02-14 00:00:00,1046.27,1047.09
2019-02-15 00:00:00,1047.09,1036.56
2019-02-18 00:00:00,1036.56,1080.14
2019-02-19 00:00:00,1080.14,1094.31
2019-02-20 00:00:00,1094.31,1089.27
2019-02-21 00:00:00,1089.27,1082.76
2019-02-22 00:00:00,1082.76,1102.57
2019-02-25 00:00:00,1102.57,1164.16
2019-02-26 00:00:00,1164.16,1144.39
2019-02-27 00:00:00,1144.39,1151.49
2019-02-28 00:00:00,1151.49,1146.85
2019-03-01 00:00:00,1146.85,1146.6
2019-03-04 00:00:00,1146.6,1158.2
2019-03-05 00:00:00,1158.2,1185.49
2019-03-06 00:00:00,1185.49,1184.79
2019-03-07 00:00:00,1184.79,1179.35
2019-03-08 00:00:00,1179.35,1141.67
2019-03-11 00:00:00,1141.67,1186.36
2019-03-12 00:00:00,1186.36,1233.61
2019-03-13 00:00:00,1233.61,1216.39
2019-03-14 00:00:00,1216.39,1183.08
2019-03-15 00:00:00,1183.08,1175.75
2019-03-18 00:00:00,1175.75,1193.8
2019-03-19 00:00:00,1193.8,1217.68
2019-03-20 00:00:00,1217.68,1196.8
2019-03-21 00:00:00,1196.8,1201.48
2019-03-22 00:00:00,1201.48,1212.34
2019-03-25 00:00:00,1212.34,1259.09
2019-03-26 00:00:00,1259.09,1190.1
2019-03-27 00:00:00,1190.1,1175.81
2019-03-28 00:00:00,1175.81,1165.47
2019-03-29 00:00:00,1165.47,1204.58
2019-04-01 00:00:00,1204.58,1243.57
2019-04-02 00:00:00,1243.57,1253.75
2019-04-03 00:00:00,1253.75,1260.43
2019-04-04 00:00:00,1260.43,1256.09
2019-04-08 00:00:00,1256.09,1230.12
2019-04-09 00:00:00,1230.12,1233.03
2019-04-10 00:00:00,1233.03,1221.61
2019-04-11 00:00:00,1221.61,1205.22
2019-04-12 00:00:00,1205.22,1198.87
2019-04-15 00:00:00,1198.87,1197.88
2019-04-16 00:00:00,1197.88,1215.14
2019-04-17 00:00:00,1215.14,1216.34
2019-04-18 00:00:00,1216.34,1216.28
2019-04-19 00:00:00,1216.28,1215.19
2019-04-22 00:00:00,1215.19,1204.1
2019-04-23 00:00:00,1204.1,1172.12
2019-04-24 00:00:00,1172.12,1180.89
2019-04-25 00:00:00,1180.89,1137.53
2019-04-26 00:00:00,1137.53,1136.81
2019-04-29 00:00:00,1136.81,1107.56
2019-04-30 00:00:00,1107.56,1113.6
2019-05-06 00:00:00,,1040.44
2019-05-07 00:00:00,1040.44,1053.16
2019-05-08 00:00:00,1053.16,1057.57
2019-05-09 00:00:00,1057.57,1061.46
2019-05-10 00:00:00,1061.46,1107.04
2019-05-13 00:00:00,1107.04,1096.91
2019-05-14 00:00:00,1096.91,1097.85
2019-05-15 00:00:00,1097.85,1110.4
2019-05-16 00:00:00,1110.4,1124.13
2019-05-17 00:00:00,1124.13,1091.39
2019-05-20 00:00:00,1091.39,1116.29
2019-05-21 00:00:00,1116.29,1125.07
2019-05-22 00:00:00,1125.07,1116.58
2019-05-23 00:00:00,1116.58,1105.48
2019-05-24 00:00:00,1105.48,1075.71
2019-05-27 00:00:00,1075.71,1111.23
2019-05-28 00:00:00,1111.23,1112.11
2019-05-29 00:00:00,1112.11,1110.7
2019-05-30 00:00:00,1110.7,1102.78
2019-05-31 00:00:00,1102.78,1109.12
2019-06-03 00:00:00,1109.12,1086.84
2019-06-04 00:00:00,1086.84,1067.82
2019-06-05 00:00:00,1067.82,1062.6
2019-06-06 00:00:00,1062.6,1038.01
2019-06-10 00:00:00,,1045.42
2019-06-11 00:00:00,1045.42,1076.69
2019-06-12 00:00:00,1076.69,1068.32
2019-06-13 00:00:00,1068.32,1067.45
2019-06-14 00:00:00,1067.45,1054.54
2019-06-17 00:00:00,1054.54,1048.24
2019-06-18 00:00:00,1048.24,1044.12
2019-06-19 00:00:00,1044.12,1061.25
2019-06-20 00:00:00,1061.25,1077.63
2019-06-21 00:00:00,1077.63,1097.54
2019-06-24 00:00:00,1097.54,1098.34
2019-06-25 00:00:00,1098.34,1096.74
2019-06-26 00:00:00,1096.74,1102.77
2019-06-27 00:00:00,1102.77,1108.21
2019-06-28 00:00:00,1108.21,1095.0
2019-07-01 00:00:00,1095.0,1123.47
2019-07-02 00:00:00,1123.47,1121.78
2019-07-03 00:00:00,1121.78,1116.1
2019-07-04 00:00:00,1116.1,1136.62
2019-07-05 00:00:00,1136.62,1131.15
2019-07-08 00:00:00,1131.15,1090.61
2019-07-09 00:00:00,1090.61,1094.47
2019-07-10 00:00:00,1094.47,1092.35
2019-07-11 00:00:00,1092.35,1089.67
2019-07-12 00:00:00,1089.67,1091.37
2019-07-15 00:00:00,1091.37,1119.02
2019-07-16 00:00:00,1119.02,1120.2
2019-07-17 00:00:00,1120.2,1122.64
2019-07-18 00:00:00,1122.64,1098.29
2019-07-19 00:00:00,1098.29,1100.27
2019-07-22 00:00:00,1100.27,1071.06
2019-07-23 00:00:00,1071.06,1088.92
2019-07-24 00:00:00,1088.92,1109.61
2019-07-25 00:00:00,1109.61,1117.99
2019-07-26 00:00:00,1117.99,1126.92
2019-07-29 00:00:00,1126.92,1128.3
2019-07-30 00:00:00,1128.3,1126.98
2019-07-31 00:00:00,1126.98,1125.77
2019-08-01 00:00:00,1125.77,1111.26
2019-08-02 00:00:00,1111.26,1096.61
2019-08-05 00:00:00,1096.61,1090.56
2019-08-06 00:00:00,1090.56,1069.52
2019-08-07 00:00:00,1069.52,1055.52
2019-08-08 00:00:00,1055.52,1063.54
2019-08-09 00:00:00,1063.54,1043.05
2019-08-12 00:00:00,1043.05,1060.53
2019-08-13 00:00:00,1060.53,1054.24
2019-08-14 00:00:00,1054.24,1058.71
2019-08-15 00:00:00,1058.71,1065.64
2019-08-16 00:00:00,1065.64,1072.01
2019-08-19 00:00:00,1072.01,1109.47
2019-08-20 00:00:00,1109.47,1108.93
2019-08-21 00:00:00,1108.93,1117.05
2019-08-22 00:00:00,1117.05,1125.99
2019-08-23 00:00:00,1125.99,1121.28
2019-08-26 00:00:00,1121.28,1122.99
2019-08-27 00:00:00,1122.99,1144.9
2019-08-28 00:00:00,1144.9,1140.83
2019-08-29 00:00:00,1140.83,1156.11
2019-08-30 00:00:00,1156.11,1173.89
2019-09-02 00:00:00,1173.89,1241.42
2019-09-03 00:00:00,1241.42,1251.74
2019-09-04 00:00:00,1251.74,1244.27
2019-09-05 00:00:00,1244.27,1245.09
2019-09-06 00:00:00,1245.09,1250.1
2019-09-09 00:00:00,1250.1,1272.08
2019-09-10 00:00:00,1272.08,1250.07
2019-09-11 00:00:00,1250.07,1239.7
2019-09-12 00:00:00,1239.7,1240.92
2019-09-16 00:00:00,,1244.23
2019-09-17 00:00:00,1244.23,1203.53
2019-09-18 00:00:00,1203.53,1199.54
2019-09-19 00:00:00,1199.54,1218.5
2019-09-20 00:00:00,1218.5,1212.47
2019-09-23 00:00:00,1212.47,1209.31
2019-09-24 00:00:00,1209.31,1217.1
2019-09-25 00:00:00,1217.1,1197.23
2019-09-26 00:00:00,1197.23,1146.6
2019-09-27 00:00:00,1146.6,1160.03
2019-09-30 00:00:00,1160.03,1147.05
2019-10-08 00:00:00,,1128.93
2019-10-09 00:00:00,1128.93,1139.32
2019-10-10 00:00:00,1139.32,1151.67
2019-10-11 00:00:00,1151.67,1142.88
2019-10-14 00:00:00,1142.88,1165.15
2019-10-15 00:00:00,1165.15,1139.39
2019-10-16 00:00:00,1139.39,1136.51
2019-10-17 00:00:00,1136.51,1134.5
2019-10-18 00:00:00,1134.5,1113.51
2019-10-21 00:00:00,1113.51,1110.54
2019-10-22 00:00:00,1110.54,1125.61
2019-10-23 00:00:00,1125.61,1123.08
2019-10-24 00:00:00,1123.08,1120.74
2019-10-25 00:00:00,1120.74,1136.06
2019-10-28 00:00:00,1136.06,1162.48
2019-10-29 00:00:00,1162.48,1141.08
2019-10-30 00:00:00,1141.08,1132.86
2019-10-31 00:00:00,1132.86,1125.46
2019-11-01 00:00:00,1125.46,1135.02
2019-11-04 00:00:00,1135.02,1131.38
2019-11-05 00:00:00,1131.38,1136.36
2019-11-06 00:00:00,1136.36,1148.78
2019-11-07 00:00:00,1148.78,1140.49
2019-11-08 00:00:00,1140.49,1132.58
2019-11-11 00:00:00,1132.58,1099.52
2019-11-12 00:00:00,1099.52,1093.46
2019-11-13 00:00:00,1093.46,1092.11
2019-11-14 00:00:00,1092.11,1101.53
2019-11-15 00:00:00,1101.53,1087.26
2019-11-18 00:00:00,1087.26,1094.74
2019-11-19 00:00:00,1094.74,1112.03
2019-11-20 00:00:00,1112.03,1100.33
2019-11-21 00:00:00,1100.33,1112.05
2019-11-22 00:00:00,1112.05,1101.48
2019-11-25 00:00:00,1101.48,1090.11
2019-11-26 00:00:00,1090.11,1093.92
2019-11-27 00:00:00,1093.92,1092.48
2019-11-28 00:00:00,1092.48,1088.53
2019-11-29 00:00:00,1088.53,1094.62
2019-12-02 00:00:00,1094.62,1098.95
2019-12-03 00:00:00,1098.95,1110.14
2019-12-04 00:00:00,1110.14,1125.42
2019-12-05 00:00:00,1125.42,1136.68
2019-12-06 00:00:00,1136.68,1137.18
2019-12-09 00:00:00,1137.18,1138.56
2019-12-10 00:00:00,1138.56,1141.91
2019-12-11 00:00:00,1141.91,1136.02
2019-12-12 00:00:00,1136.02,1135.4
2019-12-13 00:00:00,1135.4,1143.14
2019-12-16 00:00:00,1143.14,1172.06
2019-12-17 00:00:00,1172.06,1177.78
2019-12-18 00:00:00,1177.78,1176.99
2019-12-19 00:00:00,1176.99,1172.36
2019-12-20 00:00:00,1172.36,1152.37
2019-12-23 00:00:00,1152.37,1128.57
2019-12-24 00:00:00,1128.57,1143.12
2019-12-25 00:00:00,1143.12,1149.78
2019-12-26 00:00:00,1149.78,1157.91
2019-12-27 00:00:00,1157.91,1153.0
2019-12-30 00:00:00,1153.0,1162.36
2019-12-31 00:00:00,1162.36,1164.64
2020-01-02 00:00:00,,1185.78
2020-01-03 00:00:00,1185.78,1204.01
2020-01-06 00:00:00,1204.01,1220.4
2020-01-07 00:00:00,1220.4,1225.49
2020-01-08 00:00:00,1225.49,1224.88
2020-01-09 00:00:00,1224.88,1220.85
2020-01-10 00:00:00,1220.85,1212.19
2020-01-13 00:00:00,1212.19,1234.2
2020-01-14 00:00:00,1234.2,1220.26
2020-01-15 00:00:00,1220.26,1210.76
2020-01-16 00:00:00,1210.76,1225.92
2020-01-17 00:00:00,1225.92,1220.6
2020-01-20 00:00:00,1220.6,1244.88
2020-01-21 00:00:00,1244.88,1235.4
2020-01-22 00:00:00,1235.4,1237.49
2020-01-23 00:00:00,1237.49,1202.86
2020-02-03 00:00:00,1202.86,1094.77
2020-02-04 00:00:00,1094.77,1110.95
2020-02-05 00:00:00,1110.95,1138.39
2020-02-06 00:00:00,1138.39,1180.97
2020-02-07 00:00:00,1180.97,1213.18
2020-02-10 00:00:00,1213.18,1215.83
2020-02-11 00:00:00,1215.83,1198.78
2020-02-12 00:00:00,1198.78,1221.76
2020-02-13 00:00:00,1221.76,1210.03
2020-02-14 00:00:00,1210.03,1216.14
2020-02-17 00:00:00,1216.14,1295.39
2020-02-18 00:00:00,1295.39,1339.81
2020-02-19 00:00:00,1339.81,1330.09
2020-02-20 00:00:00,1330.09,1339.63
2020-02-21 00:00:00,1339.63,1377.6
2020-02-24 00:00:00,1377.6,1400.21
2020-02-25 00:00:00,1400.21,1408.86
2020-02-26 00:00:00,1408.86,1372.27
2020-02-27 00:00:00,1372.27,1367.48
2020-02-28 00:00:00,1367.48,1283.34
2020-03-02 00:00:00,1283.34,1336.81
2020-03-03 00:00:00,1336.81,1361.92
2020-03-04 00:00:00,1361.92,1362.16
2020-03-05 00:00:00,1362.16,1367.36
2020-03-06 00:00:00,1367.36,1352.61
2020-03-09 00:00:00,1352.61,1277.08
2020-03-10 00:00:00,1277.08,1334.74
2020-03-11 00:00:00,1334.74,1333.52
2020-03-12 00:00:00,1333.52,1305.68
2020-03-13 00:00:00,1305.68,1310.11
2020-03-16 00:00:00,1310.11,1236.0
2020-03-17 00:00:00,1236.0,1242.81
2020-03-18 00:00:00,1242.81,1209.27
2020-03-19 00:00:00,1209.27,1233.35
2020-03-20 00:00:00,1233.35,1240.17
2020-03-23 00:00:00,1240.17,1174.88
2020-03-24 00:00:00,1174.88,1194.59
2020-03-25 00:00:00,1194.59,1210.42
2020-03-26 00:00:00,1210.42,1195.71
2020-03-27 00:00:00,1195.71,1193.26
2020-03-30 00:00:00,1193.26,1169.92
2020-03-31 00:00:00,1169.92,1157.56
2020-04-01 00:00:00,1157.56,1153.72
2020-04-02 00:00:00,1153.72,1193.32
2020-04-03 00:00:00,1193.32,1181.36
2020-04-07 00:00:00,1181.36,1230.47
2020-04-08 00:00:00,1230.47,1247.51
2020-04-09 00:00:00,1247.51,1249.48
2020-04-10 00:00:00,1249.48,1230.44
2020-04-13 00:00:00,1230.44,1227.23
2020-04-14 00:00:00,1227.23,1243.93
2020-04-15 00:00:00,1243.93,1228.03
2020-04-16 00:00:00,1228.03,1240.11
2020-04-17 00:00:00,1240.11,1240.81
2020-04-20 00:00:00,1240.81,1262.32
2020-04-21 00:00:00,1262.32,1261.52
2020-04-22 00:00:00,1261.52,1261.27
2020-04-23 00:00:00,1261.27,1265.9
2020-04-24 00:00:00,1265.9,1238.2
2020-04-27 00:00:00,1238.2,1220.15
2020-04-28 00:00:00,1220.15,1215.06
2020-04-29 00:00:00,1215.06,1237.11
2020-04-30 00:00:00,1237.11,1269.55
2020-05-06 00:00:00,1269.55,1301.8
2020-05-07 00:00:00,1301.8,1299.33
2020-05-08 00:00:00,1299.33,1315.79
2020-05-11 00:00:00,1315.79,1322.38
2020-05-12 00:00:00,1322.38,1324.0
2020-05-13 00:00:00,1324.0,1323.18
2020-05-14 00:00:00,1323.18,1319.67
2020-05-15 00:00:00,1319.67,1323.66
2020-05-18 00:00:00,1323.66,1351.69
2020-05-19 00:00:00,1351.69,1366.5
2020-05-20 00:00:00,1366.5,1326.31
2020-05-21 00:00:00,1326.31,1305.43
2020-05-22 00:00:00,1305.43,1282.87
2020-05-25 00:00:00,1282.87,1271.48
2020-05-26 00:00:00,1271.48,1295.56
2020-05-27 00:00:00,1295.56,1276.47
2020-05-28 00:00:00,1276.47,1280.9
2020-05-29 00:00:00,1280.9,1284.97
2020-06-01 00:00:00,1284.97,1315.34
2020-06-02 00:00:00,1315.34,1316.02
2020-06-03 00:00:00,1316.02,1302.88
2020-06-04 00:00:00,1302.88,1292.1
2020-06-05 00:00:00,1292.1,1290.58
2020-06-08 00:00:00,1290.58,1289.16
2020-06-09 00:00:00,1289.16,1287.32
2020-06-10 00:00:00,1287.32,1287.18
2020-06-11 00:00:00,1287.18,1292.88
2020-06-12 00:00:00,1292.88,1295.02
2020-06-15 00:00:00,1295.02,1275.57
2020-06-16 00:00:00,1275.57,1289.44
2020-06-17 00:00:00,1289.44,1308.77
2020-06-18 00:00:00,1308.77,1292.88
2020-06-19 00:00:00,1292.88,1303.14
2020-06-22 00:00:00,1303.14,1313.64
2020-06-23 00:00:00,1313.64,1318.91
2020-06-24 00:00:00,1318.91,1312.5
2020-06-29 00:00:00,1312.5,1316.28
2020-06-30 00:00:00,1316.28,1339.41
2020-07-01 00:00:00,1339.41,1345.44
2020-07-02 00:00:00,1345.44,1358.41
2020-07-03 00:00:00,1358.41,1370.11
2020-07-06 00:00:00,1370.11,1445.82
2020-07-07 00:00:00,1445.82,1486.36
2020-07-08 00:00:00,1486.36,1593.12
2020-07-09 00:00:00,1593.12,1655.12
2020-07-10 00:00:00,1655.12,1633.48
2020-07-13 00:00:00,1633.48,1665.77
2020-07-14 00:00:00,1665.77,1675.5
2020-07-15 00:00:00,1675.5,1604.63
2020-07-16 00:00:00,1604.63,1540.43
2020-07-17 00:00:00,1540.43,1595.24
2020-07-20 00:00:00,1595.24,1720.75
2020-07-21 00:00:00,1720.75,1670.8
2020-07-22 00:00:00,1670.8,1700.11
2020-07-23 00:00:00,1700.11,1765.47
2020-07-24 00:00:00,1765.47,1698.7
2020-07-27 00:00:00,1698.7,1709.78
2020-07-28 00:00:00,1709.78,1731.23
2020-07-29 00:00:00,1731.23,1776.52
2020-07-30 00:00:00,1776.52,1762.11
2020-07-31 00:00:00,1762.11,1745.7
2020-08-03 00:00:00,1745.7,1884.06
2020-08-04 00:00:00,1884.06,1829.31
2020-08-05 00:00:00,1829.31,1902.43
2020-08-06 00:00:00,1902.43,1983.13
2020-08-07 00:00:00,1983.13,2043.27
2020-08-10 00:00:00,2043.27,1981.59
2020-08-11 00:00:00,1981.59,1951.78
2020-08-12 00:00:00,1951.78,1858.45
2020-08-13 00:00:00,1858.45,1872.57
2020-08-14 00:00:00,1872.57,1938.98
2020-08-17 00:00:00,1938.98,2003.37
2020-08-18 00:00:00,2003.37,2014.73
2020-08-19 00:00:00,2014.73,1943.97
2020-08-20 00:00:00,1943.97,1876.09
2020-08-21 00:00:00,1876.09,1870.1
2020-08-24 00:00:00,1870.1,1883.48
2020-08-25 00:00:00,1883.48,1818.73
2020-08-26 00:00:00,1818.73,1760.63
2020-08-27 00:00:00,1760.63,1794.86
2020-08-28 00:00:00,1794.86,1832.43
2020-08-31 00:00:00,1832.43,1840.32
2020-09-01 00:00:00,1840.32,1889.0
2020-09-02 00:00:00,1889.0,1862.21
2020-09-03 00:00:00,1862.21,1841.55
2020-09-04 00:00:00,1841.55,1829.64
2020-09-07 00:00:00,1829.64,1772.95
2020-09-08 00:00:00,1772.95,1762.13
2020-09-09 00:00:00,1762.13,1741.83
2020-09-10 00:00:00,1741.83,1701.25
2020-09-11 00:00:00,1701.25,1707.12
2020-09-14 00:00:00,1707.12,1696.89
2020-09-15 00:00:00,1696.89,1724.97
2020-09-16 00:00:00,1724.97,1697.44
2020-09-17 00:00:00,1697.44,1721.76
2020-09-18 00:00:00,1721.76,1765.66
2020-09-21 00:00:00,1765.66,1806.61
2020-09-22 00:00:00,1806.61,1765.9
2020-09-23 00:00:00,1765.9,1767.43
2020-09-24 00:00:00,1767.43,1715.89
2020-09-25 00:00:00,1715.89,1715.25
2020-09-28 00:00:00,1715.25,1693.19
2020-09-29 00:00:00,1693.19,1758.99
2020-09-30 00:00:00,1758.99,1756.93
2020-10-09 00:00:00,1756.93,1783.57
2020-10-12 00:00:00,1783.57,1864.04
2020-10-13 00:00:00,1864.04,1874.42
2020-10-14 00:00:00,1874.42,1859.17
2020-10-15 00:00:00,1859.17,1851.28
2020-10-16 00:00:00,1851.28,1819.88
2020-10-19 00:00:00,1819.88,1804.14
2020-10-20 00:00:00,1804.14,1817.1
2020-10-21 00:00:00,1817.1,1761.85
2020-10-22 00:00:00,1761.85,1742.11
2020-10-23 00:00:00,1742.11,1714.71
2020-10-26 00:00:00,1714.71,1740.44
2020-10-27 00:00:00,1740.44,1748.84
2020-10-28 00:00:00,1748.84,1734.72
2020-10-29 00:00:00,1734.72,1715.03
2020-10-30 00:00:00,1715.03,1690.17
2020-11-02 00:00:00,1690.17,1689.09
2020-11-03 00:00:00,1689.09,1748.37
2020-11-04 00:00:00,1748.37,1770.96
2020-11-05 00:00:00,1770.96,1767.71
2020-11-06 00:00:00,1767.71,1738.08
2020-11-09 00:00:00,1738.08,1769.86
2020-11-10 00:00:00,1769.86,1737.15
2020-11-11 00:00:00,1737.15,1696.28
2020-11-12 00:00:00,1696.28,1684.43
2020-11-13 00:00:00,1684.43,1736.1
2020-11-16 00:00:00,1736.1,1741.44
2020-11-17 00:00:00,1741.44,1698.82
2020-11-18 00:00:00,1698.82,1714.32
2020-11-19 00:00:00,1714.32,1792.35
2020-11-20 00:00:00,1792.35,1816.16
2020-11-23 00:00:00,1816.16,1819.73
2020-11-24 00:00:00,1819.73,1828.23
2020-11-25 00:00:00,1828.23,1777.08
2020-11-26 00:00:00,1777.08,1807.92
2020-11-27 00:00:00,1807.92,1837.29
2020-11-30 00:00:00,1837.29,1856.11
2020-12-01 00:00:00,1856.11,1902.69
2020-12-02 00:00:00,1902.69,1909.92
2020-12-03 00:00:00,1909.92,1880.42
2020-12-04 00:00:00,1880.42,1902.27
2020-12-07 00:00:00,1902.27,1912.85
2020-12-08 00:00:00,1912.85,1905.23
2020-12-09 00:00:00,1905.23,1859.97
2020-12-10 00:00:00,1859.97,1866.69
2020-12-11 00:00:00,1866.69,1819.26
2020-12-14 00:00:00,1819.26,1861.38
2020-12-15 00:00:00,1861.38,1871.74
2020-12-16 00:00:00,1871.74,1869.68
2020-12-17 00:00:00,1869.68,1847.28
2020-12-18 00:00:00,1847.28,1847.34
2020-12-21 00:00:00,1847.34,1947.88
2020-12-22 00:00:00,1947.88,1915.67
2020-12-23 00:00:00,1915.67,2026.72
2020-12-24 00:00:00,2026.72,2042.59
2020-12-25 00:00:00,2042.59,2079.84
2020-12-28 00:00:00,2079.84,2083.55
2020-12-29 00:00:00,2083.55,2059.03
2020-12-30 00:00:00,2059.03,2122.37
2020-12-31 00:00:00,2122.37,2218.49
2021-01-04 00:00:00,2218.49,2388.47
2021-01-05 00:00:00,2388.47,2409.6
2021-01-06 00:00:00,2409.6,2434.25
2021-01-07 00:00:00,2434.25,2508.25
2021-01-08 00:00:00,2508.25,2432.78
2021-01-11 00:00:00,2432.78,2354.77
2021-01-12 00:00:00,2354.77,2442.53
2021-01-13 00:00:00,2442.53,2389.08
2021-01-14 00:00:00,2389.08,2241.77
2021-01-15 00:00:00,2241.77,2227.53
2021-01-18 00:00:00,2227.53,2281.79
2021-01-19 00:00:00,2281.79,2226.36
2021-01-20 00:00:00,2226.36,2283.81
2021-01-21 00:00:00,2283.81,2307.72
2021-01-22 00:00:00,2307.72,2326.06
2021-01-25 00:00:00,2326.06,2349.11
2021-01-26 00:00:00,2349.11,2174.79
2021-01-27 00:00:00,2174.79,2183.78
2021-01-28 00:00:00,2183.78,2149.42
2021-01-29 00:00:00,2149.42,2081.74
2021-02-01 00:00:00,2081.74,2072.85
2021-02-02 00:00:00,2072.85,2111.93
2021-02-03 00:00:00,2111.93,2035.17
2021-02-04 00:00:00,2035.17,1999.55
2021-02-05 00:00:00,1999.55,1951.77
2021-02-08 00:00:00,1951.77,1966.07
2021-02-09 00:00:00,1966.07,2089.89
2021-02-10 00:00:00,2089.89,2079.42
2021-02-18 00:00:00,2079.42,2053.52
2021-02-19 00:00:00,2053.52,2046.64
2021-02-22 00:00:00,2046.64,1964.83
2021-02-23 00:00:00,1964.83,2022.07
2021-02-24 00:00:00,2022.07,2025.22
2021-02-25 00:00:00,2025.22,2078.63
2021-02-26 00:00:00,2078.63,2001.48
2021-03-01 00:00:00,2001.48,2042.97
2021-03-02 00:00:00,2042.97,2056.9
2021-03-03 00:00:00,2056.9,2053.6
2021-03-04 00:00:00,2053.6,2001.73
2021-03-05 00:00:00,2001.73,1957.57
2021-03-08 00:00:00,1957.57,1792.45
2021-03-09 00:00:00,1792.45,1694.98
2021-03-10 00:00:00,1694.98,1687.07
2021-03-11 00:00:00,1687.07,1720.8
2021-03-12 00:00:00,1720.8,1708.79
2021-03-15 00:00:00,1708.79,1687.49
2021-03-16 00:00:00,1687.49,1680.8
2021-03-17 00:00:00,1680.8,1716.12
2021-03-18 00:00:00,1716.12,1741.84
2021-03-19 00:00:00,1741.84,1757.51
2021-03-22 00:00:00,1757.51,1771.33
2021-03-23 00:00:00,1771.33,1762.17
2021-03-24 00:00:00,1762.17,1722.32
2021-03-25 00:00:00,1722.32,1730.72
2021-03-26 00:00:00,1730.72,1766.04
2021-03-29 00:00:00,1766.04,1801.29
2021-03-30 00:00:00,1801.29,1847.51
2021-03-31 00:00:00,1847.51,1762.24
2021-04-01 00:00:00,1762.24,1776.43
2021-04-02 00:00:00,1776.43,1785.26
2021-04-06 00:00:00,1785.26,1796.49
2021-04-07 00:00:00,1796.49,1778.17
2021-04-08 00:00:00,1778.17,1778.65
2021-04-09 00:00:00,1778.65,1789.14
2021-04-12 00:00:00,1789.14,1711.81
2021-04-13 00:00:00,1711.81,1711.91
2021-04-14 00:00:00,1711.91,1740.69
2021-04-15 00:00:00,1740.69,1731.35
2021-04-16 00:00:00,1731.35,1725.0
2021-04-19 00:00:00,1725.0,1750.88
2021-04-20 00:00:00,1750.88,1738.83
2021-04-21 00:00:00,1738.83,1724.91
2021-04-22 00:00:00,1724.91,1724.78
2021-04-23 00:00:00,1724.78,1721.04
2021-04-26 00:00:00,1721.04,1726.07
2021-04-27 00:00:00,1726.07,1702.53
2021-04-28 00:00:00,1702.53,1722.48
2021-04-29 00:00:00,1722.48,1724.25
2021-04-30 00:00:00,1724.25,1659.7
2021-05-06 00:00:00,1659.7,1681.11
2021-05-07 00:00:00,1681.11,1648.3
2021-05-10 00:00:00,1648.3,1622.14
2021-05-11 00:00:00,1622.14,1666.39
2021-05-12 00:00:00,1666.39,1658.08
2021-05-13 00:00:00,1658.08,1652.68
2021-05-14 00:00:00,1652.68,1723.97
2021-05-17 00:00:00,1723.97,1747.93
2021-05-18 00:00:00,1747.93,1793.08
2021-05-19 00:00:00,1793.08,1805.66
2021-05-20 00:00:00,1805.66,1805.65
2021-05-21 00:00:00,1805.65,1761.31
2021-05-24 00:00:00,1761.31,1789.23
2021-05-25 00:00:00,1789.23,1857.48
2021-05-26 00:00:00,1857.48,1848.97
2021-05-27 00:00:00,1848.97,1867.48
2021-05-28 00:00:00,1867.48,1878.55
2021-05-31 00:00:00,1878.55,1946.68
2021-06-01 00:00:00,1946.68,1929.66
2021-06-02 00:00:00,1929.66,1885.28
2021-06-03 00:00:00,1885.28,1850.77
2021-06-04 00:00:00,1850.77,1868.98
2021-06-07 00:00:00,1868.98,1905.91
2021-06-08 00:00:00,1905.91,1926.22
2021-06-09 00:00:00,1926.22,1942.5
2021-06-10 00:00:00,1942.5,1946.21
2021-06-11 00:00:00,1946.21,1866.96
2021-06-15 00:00:00,,1868.21
2021-06-16 00:00:00,1868.21,1841.2
2021-06-17 00:00:00,1841.2,1863.17
2021-06-18 00:00:00,1863.17,1912.67
2021-06-21 00:00:00,1912.67,2000.42
2021-06-22 00:00:00,2000.42,1985.92
2021-06-23 00:00:00,1985.92,1988.22
2021-06-24 00:00:00,1988.22,1954.24
2021-06-25 00:00:00,1954.24,1961.34
2021-06-28 00:00:00,1961.34,1978.61
2021-06-29 00:00:00,1978.61,1934.75
2021-06-30 00:00:00,1934.75,1969.07
2021-07-01 00:00:00,1969.07,1883.98
2021-07-02 00:00:00,1883.98,1797.75
2021-07-05 00:00:00,1797.75,1807.67
2021-07-06 00:00:00,1807.67,1817.83
2021-07-07 00:00:00,1817.83,1887.95
2021-07-08 00:00:00,1887.95,1995.41
2021-07-09 00:00:00,1995.41,1981.44
2021-07-12 00:00:00,1981.44,2002.68
2021-07-13 00:00:00,2002.68,1984.53
2021-07-14 00:00:00,1984.53,1941.55
2021-07-15 00:00:00,1941.55,1940.46
2021-07-16 00:00:00,1940.46,2036.4
2021-07-19 00:00:00,2036.4,2014.34
2021-07-20 00:00:00,2014.34,2063.75
2021-07-21 00:00:00,2063.75,2100.54
2021-07-22 00:00:00,2100.54,2096.73
2021-07-23 00:00:00,2096.73,2146.35
2021-07-26 00:00:00,2146.35,2161.51
2021-07-27 00:00:00,2161.51,2105.67
2021-07-28 00:00:00,2105.67,1998.99
2021-07-29 00:00:00,1998.99,2103.34
2021-07-30 00:00:00,2103.34,2101.96
2021-08-02 00:00:00,2101.96,2227.18
2021-08-03 00:00:00,2227.18,2186.11
2021-08-04 00:00:00,2186.11,2259.71
2021-08-05 00:00:00,2259.71,2344.58
2021-08-06 00:00:00,2344.58,2356.21
2021-08-09 00:00:00,2356.21,2339.71
2021-08-10 00:00:00,2339.71,2428.85
2021-08-11 00:00:00,2428.85,2414.57
