code,date,close
sh.600000,2017-03-31,16.01
sh.600004,2017-03-31,15.94
sh.600006,2017-03-31,6.88
sh.600007,2017-03-31,20.01
sh.600008,2017-03-31,4.26
sh.600009,2017-03-31,29.98
sh.600010,2017-03-31,3.03
sh.600011,2017-03-31,7.17
sh.600012,2017-03-31,16.65
sh.600015,2017-03-31,11.29
sh.600016,2017-03-31,8.48
sh.600017,2017-03-31,4.3
sh.600018,2017-03-31,5.9
sh.600019,2017-03-31,6.51
sh.600020,2017-03-31,4.91
sh.600021,2017-03-31,12.32
sh.600022,2017-03-31,2.69
sh.600023,2017-03-31,5.7
sh.600026,2017-03-31,7.16
sh.600027,2017-03-31,5.04
sh.600028,2017-03-31,5.74
sh.600029,2017-03-31,8.06
sh.600030,2017-03-31,16.11
sh.600031,2017-03-31,7.2
sh.600033,2017-03-31,3.85
sh.600035,2017-03-31,5.83
sh.600036,2017-03-31,19.17
sh.600037,2017-03-31,15.14
sh.600038,2017-03-31,50.0
sh.600039,2017-03-31,5.0
sh.600048,2017-03-31,9.53
sh.600050,2017-03-31,7.47
sh.600051,2017-03-31,12.04
sh.600052,2017-03-31,6.36
sh.600053,2017-03-31,38.9
sh.600054,2017-03-31,17.3
sh.600055,2017-03-31,16.76
sh.600056,2017-03-31,23.64
sh.600057,2017-03-31,11.05
sh.600058,2017-03-31,14.27
sh.600059,2017-03-31,10.21
sh.600060,2017-03-31,18.09
sh.600061,2017-03-31,15.04
sh.600062,2017-03-31,23.65
sh.600063,2017-03-31,4.88
sh.600064,2017-03-31,16.67
sh.600066,2017-03-31,21.48
sh.600067,2017-03-31,6.89
sh.600068,2017-03-31,11.77
sh.600070,2017-03-31,12.83
sh.600071,2017-03-31,20.59
sh.600072,2017-03-31,20.69
sh.600073,2017-03-31,10.37
sh.600075,2017-03-31,13.77
sh.600076,2017-03-31,10.29
sh.600077,2017-03-31,4.91
sh.600078,2017-03-31,7.38
sh.600079,2017-03-31,19.74
sh.600080,2017-03-31,11.58
sh.600081,2017-03-31,14.83
sh.600082,2017-03-31,7.57
sh.600083,2017-03-31,18.83
sh.600084,2017-03-31,9.8
sh.600085,2017-03-31,31.61
sh.600088,2017-03-31,18.91
sh.600089,2017-03-31,11.19
sh.600090,2017-03-31,10.78
sh.600091,2017-03-31,8.41
sh.600093,2017-03-31,13.63
sh.600094,2017-03-31,8.1
sh.600095,2017-03-31,11.37
sh.600096,2017-03-31,8.81
sh.600097,2017-03-31,18.6
sh.600098,2017-03-31,9.41
sh.600099,2017-03-31,16.2
sh.600100,2017-03-31,13.65
sh.600101,2017-03-31,11.84
sh.600103,2017-03-31,5.18
sh.600104,2017-03-31,25.38
sh.600105,2017-03-31,10.04
sh.600106,2017-03-31,8.08
sh.600107,2017-03-31,13.63
sh.600108,2017-03-31,5.23
sh.600109,2017-03-31,13.7
sh.600110,2017-03-31,13.47
sh.600111,2017-03-31,12.11
sh.600112,2017-03-31,10.61
sh.600113,2017-03-31,18.31
sh.600114,2017-03-31,18.0
sh.600115,2017-03-31,6.87
sh.600116,2017-03-31,11.52
sh.600117,2017-03-31,6.15
sh.600118,2017-03-31,32.15
sh.600119,2017-03-31,21.5
sh.600120,2017-03-31,27.61
sh.600121,2017-03-31,4.97
sh.600122,2017-03-31,12.95
sh.600123,2017-03-31,7.78
sh.600125,2017-03-31,9.81
sh.600126,2017-03-31,8.34
sh.600127,2017-03-31,7.09
sh.600128,2017-03-31,14.25
sh.600129,2017-03-31,17.73
sh.600130,2017-03-31,7.62
sh.600131,2017-03-31,11.06
sh.600132,2017-03-31,21.68
sh.600133,2017-03-31,7.99
sh.600135,2017-03-31,14.4
sh.600136,2017-03-31,16.79
sh.600137,2017-03-31,45.44
sh.600138,2017-03-31,21.83
sh.600139,2017-03-31,12.83
sh.600141,2017-03-31,14.61
sh.600143,2017-03-31,7.74
sh.600145,2017-03-31,1.87
sh.600146,2017-03-31,35.73
sh.600148,2017-03-31,34.39
sh.600149,2017-03-31,16.57
sh.600150,2017-03-31,28.3
sh.600151,2017-03-31,10.97
sh.600152,2017-03-31,11.12
sh.600153,2017-03-31,10.97
sh.600155,2017-03-31,12.9
sh.600156,2017-03-31,10.01
sh.600157,2017-03-31,3.96
sh.600158,2017-03-31,18.47
sh.600159,2017-03-31,5.35
sh.600160,2017-03-31,11.21
sh.600161,2017-03-31,39.67
sh.600162,2017-03-31,3.76
sh.600163,2017-03-31,5.94
sh.600165,2017-03-31,16.64
sh.600166,2017-03-31,3.27
sh.600167,2017-03-31,21.62
sh.600168,2017-03-31,10.17
sh.600169,2017-03-31,4.42
sh.600170,2017-03-31,4.88
sh.600171,2017-03-31,12.92
sh.600172,2017-03-31,16.6
sh.600173,2017-03-31,11.48
sh.600176,2017-03-31,10.56
sh.600177,2017-03-31,13.93
sh.600178,2017-03-31,13.05
sh.600179,2017-03-31,17.4
sh.600180,2017-03-31,13.46
sh.600182,2017-03-31,28.17
sh.600183,2017-03-31,13.12
sh.600184,2017-03-31,24.81
sh.600185,2017-03-31,5.67
sh.600186,2017-03-31,4.68
sh.600187,2017-03-31,5.78
sh.600188,2017-03-31,11.4
sh.600189,2017-03-31,10.51
sh.600190,2017-03-31,5.3
sh.600191,2017-03-31,9.87
sh.600192,2017-03-31,9.58
sh.600193,2017-03-31,9.3
sh.600195,2017-03-31,20.15
sh.600196,2017-03-31,28.22
sh.600197,2017-03-31,18.96
sh.600198,2017-03-31,15.89
sh.600199,2017-03-31,9.53
sh.600200,2017-03-31,15.55
sh.600201,2017-03-31,33.88
sh.600202,2017-03-31,14.68
sh.600203,2017-03-31,10.26
sh.600206,2017-03-31,9.79
sh.600207,2017-03-31,9.68
sh.600208,2017-03-31,4.89
sh.600209,2017-03-31,13.98
sh.600210,2017-03-31,5.4
sh.600211,2017-03-31,51.41
sh.600212,2017-03-31,9.05
sh.600213,2017-03-31,14.61
sh.600215,2017-03-31,13.32
sh.600216,2017-03-31,11.77
sh.600217,2017-03-31,9.12
sh.600218,2017-03-31,10.35
sh.600219,2017-03-31,3.27
sh.600220,2017-03-31,4.1
sh.600221,2017-03-31,3.45
sh.600222,2017-03-31,7.65
sh.600223,2017-03-31,5.32
sh.600225,2017-03-31,6.64
sh.600226,2017-03-31,10.93
sh.600227,2017-03-31,7.2
sh.600228,2017-03-31,14.97
sh.600229,2017-03-31,10.55
sh.600230,2017-03-31,23.55
sh.600231,2017-03-31,3.45
sh.600232,2017-03-31,10.76
sh.600233,2017-03-31,22.99
sh.600234,2017-03-31,17.61
sh.600235,2017-03-31,9.64
sh.600236,2017-03-31,6.6
sh.600237,2017-03-31,7.21
sh.600238,2017-03-31,11.44
sh.600239,2017-03-31,6.55
sh.600241,2017-03-31,15.7
sh.600242,2017-03-31,19.54
sh.600243,2017-03-31,11.8
sh.600246,2017-03-31,5.08
sh.600248,2017-03-31,7.49
sh.600249,2017-03-31,11.57
sh.600250,2017-03-31,13.0
sh.600251,2017-03-31,8.65
sh.600252,2017-03-31,4.49
sh.600255,2017-03-31,4.92
sh.600256,2017-03-31,4.69
sh.600257,2017-03-31,9.27
sh.600258,2017-03-31,26.75
sh.600259,2017-03-31,43.2
sh.600260,2017-03-31,21.93
sh.600261,2017-03-31,7.16
sh.600262,2017-03-31,36.82
sh.600265,2017-03-31,33.98
sh.600266,2017-03-31,14.64
sh.600267,2017-03-31,12.99
sh.600268,2017-03-31,8.02
sh.600269,2017-03-31,5.44
sh.600271,2017-03-31,21.0
sh.600272,2017-03-31,17.19
sh.600273,2017-03-31,8.94
sh.600275,2017-03-31,12.08
sh.600276,2017-03-31,54.33
sh.600277,2017-03-31,7.83
sh.600278,2017-03-31,14.5
sh.600279,2017-03-31,7.77
sh.600280,2017-03-31,8.25
sh.600281,2017-03-31,7.94
sh.600282,2017-03-31,3.67
sh.600283,2017-03-31,12.16
sh.600284,2017-03-31,12.05
sh.600285,2017-03-31,11.77
sh.600287,2017-03-31,9.24
sh.600288,2017-03-31,12.32
sh.600289,2017-03-31,12.41
sh.600290,2017-03-31,11.16
sh.600291,2017-03-31,14.45
sh.600292,2017-03-31,11.52
sh.600293,2017-03-31,17.23
sh.600295,2017-03-31,10.02
sh.600297,2017-03-31,9.2
sh.600298,2017-03-31,20.98
sh.600299,2017-03-31,14.12
sh.600300,2017-03-31,6.52
sh.600301,2017-03-31,11.92
sh.600302,2017-03-31,9.76
sh.600303,2017-03-31,9.69
sh.600305,2017-03-31,10.6
sh.600306,2017-03-31,14.93
sh.600307,2017-03-31,3.2
sh.600308,2017-03-31,5.93
sh.600309,2017-03-31,27.11
sh.600310,2017-03-31,8.83
sh.600311,2017-03-31,6.84
sh.600312,2017-03-31,16.88
sh.600313,2017-03-31,6.08
sh.600315,2017-03-31,30.15
sh.600316,2017-03-31,21.47
sh.600318,2017-03-31,28.65
sh.600319,2017-03-31,10.39
sh.600320,2017-03-31,5.78
sh.600321,2017-03-31,5.49
sh.600322,2017-03-31,6.03
sh.600323,2017-03-31,14.15
sh.600325,2017-03-31,13.54
sh.600326,2017-03-31,11.45
sh.600327,2017-03-31,9.18
sh.600328,2017-03-31,12.04
sh.600329,2017-03-31,18.26
sh.600330,2017-03-31,10.21
sh.600331,2017-03-31,6.36
sh.600332,2017-03-31,28.47
sh.600333,2017-03-31,8.46
sh.600335,2017-03-31,12.93
sh.600336,2017-03-31,7.2
sh.600337,2017-03-31,14.66
sh.600338,2017-03-31,32.59
sh.600339,2017-03-31,7.22
sh.600340,2017-03-31,27.26
sh.600343,2017-03-31,21.65
sh.600345,2017-03-31,21.94
sh.600346,2017-03-31,8.39
sh.600348,2017-03-31,6.85
sh.600350,2017-03-31,7.08
sh.600351,2017-03-31,8.68
sh.600352,2017-03-31,9.4
sh.600353,2017-03-31,10.99
sh.600354,2017-03-31,7.83
sh.600355,2017-03-31,9.26
sh.600356,2017-03-31,11.96
sh.600358,2017-03-31,10.53
sh.600359,2017-03-31,10.37
sh.600360,2017-03-31,8.85
sh.600361,2017-03-31,6.79
sh.600362,2017-03-31,17.25
sh.600363,2017-03-31,15.86
sh.600365,2017-03-31,11.79
sh.600366,2017-03-31,19.07
sh.600367,2017-03-31,12.75
sh.600368,2017-03-31,6.81
sh.600369,2017-03-31,6.21
sh.600370,2017-03-31,5.55
sh.600371,2017-03-31,14.9
sh.600372,2017-03-31,19.3
sh.600373,2017-03-31,22.31
sh.600375,2017-03-31,8.36
sh.600376,2017-03-31,12.05
sh.600377,2017-03-31,9.35
sh.600378,2017-03-31,13.14
sh.600379,2017-03-31,22.09
sh.600380,2017-03-31,9.53
sh.600381,2017-03-31,15.64
sh.600382,2017-03-31,15.69
sh.600383,2017-03-31,11.1
sh.600385,2017-03-31,18.81
sh.600386,2017-03-31,14.02
sh.600387,2017-03-31,17.94
sh.600388,2017-03-31,12.77
sh.600389,2017-03-31,18.44
sh.600390,2017-03-31,14.68
sh.600391,2017-03-31,35.88
sh.600392,2017-03-31,12.87
sh.600393,2017-03-31,15.56
sh.600395,2017-03-31,7.91
sh.600396,2017-03-31,4.95
sh.600397,2017-03-31,5.23
sh.600398,2017-03-31,10.47
sh.600399,2017-03-31,7.59
sh.600400,2017-03-31,8.56
sh.600403,2017-03-31,5.03
sh.600405,2017-03-31,10.52
sh.600406,2017-03-31,16.63
sh.600408,2017-03-31,4.1
sh.600409,2017-03-31,9.55
sh.600410,2017-03-31,9.9
sh.600415,2017-03-31,7.92
sh.600416,2017-03-31,16.98
sh.600418,2017-03-31,11.72
sh.600419,2017-03-31,55.87
sh.600420,2017-03-31,32.74
sh.600421,2017-03-31,18.22
sh.600422,2017-03-31,12.42
sh.600423,2017-03-31,6.87
sh.600425,2017-03-31,6.95
sh.600426,2017-03-31,13.32
sh.600428,2017-03-31,7.39
sh.600429,2017-03-31,8.49
sh.600433,2017-03-31,7.2
sh.600435,2017-03-31,16.86
sh.600436,2017-03-31,50.29
sh.600438,2017-03-31,6.27
sh.600439,2017-03-31,7.84
sh.600444,2017-03-31,19.79
sh.600446,2017-03-31,21.05
sh.600448,2017-03-31,7.14
sh.600449,2017-03-31,12.84
sh.600452,2017-03-31,48.01
sh.600455,2017-03-31,45.22
sh.600456,2017-03-31,23.39
sh.600458,2017-03-31,14.59
sh.600459,2017-03-31,23.47
sh.600460,2017-03-31,6.33
sh.600461,2017-03-31,7.63
sh.600462,2017-03-31,8.14
sh.600463,2017-03-31,14.56
sh.600466,2017-03-31,9.79
sh.600467,2017-03-31,4.07
sh.600468,2017-03-31,12.33
sh.600469,2017-03-31,11.94
sh.600470,2017-03-31,7.52
sh.600475,2017-03-31,18.44
sh.600476,2017-03-31,27.43
sh.600477,2017-03-31,10.38
sh.600478,2017-03-31,9.39
sh.600479,2017-03-31,16.43
sh.600480,2017-03-31,18.63
sh.600481,2017-03-31,8.35
sh.600482,2017-03-31,32.33
sh.600483,2017-03-31,11.21
sh.600486,2017-03-31,36.59
sh.600487,2017-03-31,25.76
sh.600488,2017-03-31,6.34
sh.600489,2017-03-31,11.72
sh.600490,2017-03-31,7.91
sh.600491,2017-03-31,11.3
sh.600493,2017-03-31,14.17
sh.600495,2017-03-31,8.46
sh.600496,2017-03-31,4.48
sh.600497,2017-03-31,6.97
sh.600498,2017-03-31,24.66
sh.600499,2017-03-31,7.86
sh.600500,2017-03-31,11.02
sh.600501,2017-03-31,19.02
sh.600502,2017-03-31,9.57
sh.600503,2017-03-31,7.6
sh.600505,2017-03-31,10.97
sh.600506,2017-03-31,22.2
sh.600507,2017-03-31,7.27
sh.600508,2017-03-31,11.42
sh.600509,2017-03-31,9.1
sh.600510,2017-03-31,9.22
sh.600511,2017-03-31,33.54
sh.600512,2017-03-31,5.24
sh.600513,2017-03-31,15.55
sh.600515,2017-03-31,11.86
sh.600516,2017-03-31,8.86
sh.600517,2017-03-31,9.54
sh.600518,2017-03-31,18.86
sh.600519,2017-03-31,386.36
sh.600520,2017-03-31,21.26
sh.600521,2017-03-31,22.0
sh.600522,2017-03-31,11.79
sh.600523,2017-03-31,22.14
sh.600525,2017-03-31,15.13
sh.600526,2017-03-31,11.7
sh.600527,2017-03-31,5.86
sh.600528,2017-03-31,16.09
sh.600529,2017-03-31,18.88
sh.600530,2017-03-31,6.72
sh.600531,2017-03-31,7.94
sh.600532,2017-03-31,14.86
sh.600533,2017-03-31,5.15
sh.600535,2017-03-31,39.95
sh.600536,2017-03-31,23.34
sh.600537,2017-03-31,7.08
sh.600538,2017-03-31,12.46
sh.600539,2017-03-31,18.13
sh.600540,2017-03-31,8.76
sh.600543,2017-03-31,13.25
sh.600545,2017-03-31,13.54
sh.600546,2017-03-31,4.75
sh.600547,2017-03-31,35.78
sh.600548,2017-03-31,8.64
sh.600549,2017-03-31,21.53
sh.600550,2017-03-31,7.07
sh.600551,2017-03-31,20.32
sh.600552,2017-03-31,16.42
sh.600555,2017-03-31,5.55
sh.600556,2017-03-31,11.93
sh.600557,2017-03-31,17.37
sh.600558,2017-03-31,6.3
sh.600559,2017-03-31,22.69
sh.600560,2017-03-31,15.69
sh.600561,2017-03-31,12.36
sh.600562,2017-03-31,31.75
sh.600563,2017-03-31,41.27
sh.600565,2017-03-31,6.63
sh.600566,2017-03-31,33.69
sh.600567,2017-03-31,3.51
sh.600568,2017-03-31,20.24
sh.600569,2017-03-31,3.35
sh.600570,2017-03-31,42.25
sh.600571,2017-03-31,18.31
sh.600572,2017-03-31,6.66
sh.600573,2017-03-31,13.53
sh.600575,2017-03-31,5.93
sh.600576,2017-03-31,13.8
sh.600577,2017-03-31,6.15
sh.600578,2017-03-31,4.44
sh.600579,2017-03-31,15.44
sh.600580,2017-03-31,8.38
sh.600581,2017-03-31,8.28
sh.600582,2017-03-31,5.66
sh.600583,2017-03-31,7.63
sh.600584,2017-03-31,18.88
sh.600585,2017-03-31,20.74
sh.600586,2017-03-31,5.03
sh.600587,2017-03-31,24.15
sh.600588,2017-03-31,17.79
sh.600589,2017-03-31,8.46
sh.600590,2017-03-31,15.72
sh.600592,2017-03-31,19.23
sh.600593,2017-03-31,33.75
sh.600594,2017-03-31,17.64
sh.600595,2017-03-31,5.43
sh.600596,2017-03-31,10.02
sh.600597,2017-03-31,13.0
sh.600598,2017-03-31,11.28
sh.600599,2017-03-31,24.88
sh.600600,2017-03-31,32.76
sh.600601,2017-03-31,4.23
sh.600602,2017-03-31,9.39
sh.600603,2017-03-31,16.61
sh.600604,2017-03-31,18.58
sh.600605,2017-03-31,20.46
sh.600606,2017-03-31,7.97
sh.600608,2017-03-31,12.12
sh.600609,2017-03-31,8.08
sh.600610,2017-03-31,9.34
sh.600611,2017-03-31,6.22
sh.600612,2017-03-31,39.38
sh.600613,2017-03-31,14.99
sh.600615,2017-03-31,17.69
sh.600616,2017-03-31,12.39
sh.600617,2017-03-31,10.78
sh.600618,2017-03-31,12.2
sh.600619,2017-03-31,11.71
sh.600620,2017-03-31,14.15
sh.600621,2017-03-31,13.8
sh.600622,2017-03-31,19.38
sh.600623,2017-03-31,11.41
sh.600624,2017-03-31,8.24
sh.600626,2017-03-31,11.19
sh.600628,2017-03-31,12.35
sh.600629,2017-03-31,19.38
sh.600630,2017-03-31,14.41
sh.600633,2017-03-31,19.9
sh.600635,2017-03-31,6.39
sh.600636,2017-03-31,13.86
sh.600637,2017-03-31,22.54
sh.600638,2017-03-31,19.95
sh.600639,2017-03-31,17.6
sh.600640,2017-03-31,18.38
sh.600641,2017-03-31,12.98
sh.600642,2017-03-31,6.26
sh.600643,2017-03-31,13.39
sh.600644,2017-03-31,9.59
sh.600645,2017-03-31,26.8
sh.600647,2017-03-31,30.33
sh.600648,2017-03-31,19.63
sh.600649,2017-03-31,18.31
sh.600650,2017-03-31,21.75
sh.600651,2017-03-31,10.33
sh.600652,2017-03-31,10.27
sh.600653,2017-03-31,3.69
sh.600654,2017-03-31,17.43
sh.600655,2017-03-31,11.42
sh.600657,2017-03-31,5.88
sh.600658,2017-03-31,13.5
sh.600660,2017-03-31,22.61
sh.600661,2017-03-31,26.35
sh.600662,2017-03-31,9.99
sh.600663,2017-03-31,23.0
sh.600664,2017-03-31,7.61
sh.600665,2017-03-31,5.46
sh.600666,2017-03-31,28.26
sh.600667,2017-03-31,7.23
sh.600668,2017-03-31,17.35
sh.600671,2017-03-31,32.89
sh.600673,2017-03-31,7.29
sh.600674,2017-03-31,9.05
sh.600675,2017-03-31,7.29
sh.600676,2017-03-31,8.63
sh.600678,2017-03-31,14.1
sh.600679,2017-03-31,30.97
sh.600681,2017-03-31,16.37
sh.600682,2017-03-31,36.6
sh.600683,2017-03-31,8.33
sh.600684,2017-03-31,7.98
sh.600685,2017-03-31,33.43
sh.600686,2017-03-31,14.65
sh.600688,2017-03-31,6.4
sh.600689,2017-03-31,15.58
sh.600690,2017-03-31,12.18
sh.600691,2017-03-31,3.19
sh.600692,2017-03-31,16.33
sh.600693,2017-03-31,13.3
sh.600694,2017-03-31,41.73
sh.600695,2017-03-31,9.51
sh.600696,2017-03-31,7.95
sh.600697,2017-03-31,32.95
sh.600698,2017-03-31,12.78
sh.600699,2017-03-31,32.32
sh.600702,2017-03-31,26.1
sh.600703,2017-03-31,15.99
sh.600704,2017-03-31,10.64
sh.600705,2017-03-31,6.15
sh.600706,2017-03-31,19.34
sh.600707,2017-03-31,8.12
sh.600708,2017-03-31,8.82
sh.600710,2017-03-31,9.36
sh.600711,2017-03-31,7.02
sh.600712,2017-03-31,9.87
sh.600713,2017-03-31,7.69
sh.600714,2017-03-31,14.11
sh.600715,2017-03-31,22.12
sh.600716,2017-03-31,7.14
sh.600717,2017-03-31,11.76
sh.600718,2017-03-31,19.3
sh.600719,2017-03-31,9.42
sh.600720,2017-03-31,9.69
sh.600721,2017-03-31,17.3
sh.600722,2017-03-31,11.48
sh.600723,2017-03-31,9.76
sh.600724,2017-03-31,5.75
sh.600725,2017-03-31,2.85
sh.600726,2017-03-31,5.04
sh.600727,2017-03-31,9.58
sh.600728,2017-03-31,8.73
sh.600729,2017-03-31,26.57
sh.600730,2017-03-31,11.48
sh.600731,2017-03-31,10.42
sh.600732,2017-03-31,7.67
sh.600733,2017-03-31,50.18
sh.600734,2017-03-31,12.75
sh.600735,2017-03-31,20.74
sh.600736,2017-03-31,8.46
sh.600737,2017-03-31,11.25
sh.600738,2017-03-31,9.25
sh.600739,2017-03-31,17.67
sh.600740,2017-03-31,7.61
sh.600741,2017-03-31,18.21
sh.600742,2017-03-31,17.57
sh.600743,2017-03-31,4.54
sh.600744,2017-03-31,6.16
sh.600745,2017-03-31,20.79
sh.600746,2017-03-31,11.21
sh.600748,2017-03-31,7.92
sh.600749,2017-03-31,20.48
sh.600750,2017-03-31,36.12
sh.600751,2017-03-31,7.99
sh.600753,2017-03-31,31.13
sh.600754,2017-03-31,28.88
sh.600755,2017-03-31,9.09
sh.600756,2017-03-31,20.6
sh.600757,2017-03-31,8.33
sh.600758,2017-03-31,9.56
sh.600759,2017-03-31,7.99
sh.600760,2017-03-31,33.39
sh.600761,2017-03-31,14.56
sh.600763,2017-03-31,27.55
sh.600764,2017-03-31,30.57
sh.600765,2017-03-31,15.32
sh.600766,2017-03-31,15.19
sh.600767,2017-03-31,11.23
sh.600768,2017-03-31,19.38
sh.600769,2017-03-31,10.61
sh.600770,2017-03-31,9.28
sh.600771,2017-03-31,39.8
sh.600773,2017-03-31,14.39
sh.600774,2017-03-31,21.0
sh.600775,2017-03-31,14.93
sh.600776,2017-03-31,7.87
sh.600777,2017-03-31,3.4
sh.600778,2017-03-31,10.3
sh.600779,2017-03-31,24.58
sh.600780,2017-03-31,5.81
sh.600781,2017-03-31,19.08
sh.600782,2017-03-31,3.72
sh.600783,2017-03-31,22.77
sh.600784,2017-03-31,8.67
sh.600785,2017-03-31,23.83
sh.600787,2017-03-31,8.72
sh.600789,2017-03-31,9.37
sh.600790,2017-03-31,6.83
sh.600791,2017-03-31,7.81
sh.600792,2017-03-31,5.45
sh.600793,2017-03-31,41.7
sh.600794,2017-03-31,5.44
sh.600795,2017-03-31,3.26
sh.600796,2017-03-31,10.8
sh.600797,2017-03-31,13.68
sh.600798,2017-03-31,7.48
sh.600800,2017-03-31,11.08
sh.600801,2017-03-31,9.91
sh.600802,2017-03-31,11.35
sh.600803,2017-03-31,14.45
sh.600804,2017-03-31,19.73
sh.600805,2017-03-31,8.44
sh.600807,2017-03-31,13.73
sh.600808,2017-03-31,3.26
sh.600809,2017-03-31,29.29
sh.600810,2017-03-31,9.15
sh.600811,2017-03-31,7.05
sh.600812,2017-03-31,6.13
sh.600814,2017-03-31,11.93
sh.600815,2017-03-31,7.12
sh.600816,2017-03-31,11.34
sh.600817,2017-03-31,17.77
sh.600818,2017-03-31,28.61
sh.600819,2017-03-31,8.3
sh.600820,2017-03-31,10.45
sh.600821,2017-03-31,9.99
sh.600822,2017-03-31,16.99
sh.600823,2017-03-31,7.29
sh.600824,2017-03-31,6.67
sh.600825,2017-03-31,8.33
sh.600826,2017-03-31,25.76
sh.600827,2017-03-31,16.16
sh.600828,2017-03-31,9.7
sh.600829,2017-03-31,14.42
sh.600830,2017-03-31,11.21
sh.600831,2017-03-31,12.53
sh.600833,2017-03-31,20.96
sh.600834,2017-03-31,14.75
sh.600835,2017-03-31,21.63
sh.600836,2017-03-31,9.39
sh.600837,2017-03-31,14.6
sh.600838,2017-03-31,15.46
sh.600839,2017-03-31,4.23
sh.600841,2017-03-31,14.0
sh.600843,2017-03-31,15.57
sh.600844,2017-03-31,7.78
sh.600845,2017-03-31,17.77
sh.600846,2017-03-31,8.66
sh.600847,2017-03-31,19.7
sh.600848,2017-03-31,19.68
sh.600850,2017-03-31,23.36
sh.600851,2017-03-31,11.43
sh.600853,2017-03-31,7.2
sh.600854,2017-03-31,8.18
sh.600855,2017-03-31,28.89
sh.600856,2017-03-31,11.02
sh.600857,2017-03-31,15.79
sh.600858,2017-03-31,9.35
sh.600859,2017-03-31,16.28
sh.600860,2017-03-31,9.26
sh.600861,2017-03-31,14.34
sh.600862,2017-03-31,11.77
sh.600863,2017-03-31,3.35
sh.600864,2017-03-31,10.07
sh.600865,2017-03-31,12.4
sh.600866,2017-03-31,7.08
sh.600867,2017-03-31,20.3
sh.600868,2017-03-31,5.43
sh.600869,2017-03-31,7.85
sh.600870,2017-03-31,8.65
sh.600871,2017-03-31,3.66
sh.600872,2017-03-31,15.97
sh.600873,2017-03-31,7.32
sh.600874,2017-03-31,8.16
sh.600875,2017-03-31,10.03
sh.600876,2017-03-31,22.9
sh.600877,2017-03-31,8.46
sh.600879,2017-03-31,17.71
sh.600880,2017-03-31,8.0
sh.600881,2017-03-31,6.01
sh.600882,2017-03-31,10.46
sh.600883,2017-03-31,14.24
sh.600884,2017-03-31,16.48
sh.600885,2017-03-31,36.32
sh.600886,2017-03-31,7.53
sh.600887,2017-03-31,18.91
sh.600888,2017-03-31,9.51
sh.600889,2017-03-31,12.48
sh.600890,2017-03-31,11.27
sh.600892,2017-03-31,55.97
sh.600893,2017-03-31,33.67
sh.600894,2017-03-31,13.46
sh.600895,2017-03-31,17.25
sh.600896,2017-03-31,10.61
sh.600897,2017-03-31,25.8
sh.600898,2017-03-31,17.49
sh.600900,2017-03-31,13.27
sh.600908,2017-03-31,14.01
sh.600909,2017-03-31,11.48
sh.600917,2017-03-31,12.13
sh.600919,2017-03-31,10.0
sh.600926,2017-03-31,22.7
sh.600936,2017-03-31,11.17
sh.600939,2017-03-31,17.48
sh.600958,2017-03-31,14.68
sh.600959,2017-03-31,10.43
sh.600960,2017-03-31,8.4
sh.600961,2017-03-31,11.03
sh.600962,2017-03-31,17.39
sh.600963,2017-03-31,8.76
sh.600965,2017-03-31,13.25
sh.600966,2017-03-31,5.13
sh.600967,2017-03-31,15.13
sh.600969,2017-03-31,16.31
sh.600970,2017-03-31,10.7
sh.600971,2017-03-31,8.79
sh.600973,2017-03-31,9.05
sh.600975,2017-03-31,8.2
sh.600976,2017-03-31,31.11
sh.600977,2017-03-31,23.54
sh.600979,2017-03-31,7.92
sh.600980,2017-03-31,20.96
sh.600981,2017-03-31,8.55
sh.600982,2017-03-31,5.6
sh.600983,2017-03-31,10.55
sh.600984,2017-03-31,11.15
sh.600985,2017-03-31,16.28
sh.600986,2017-03-31,16.43
sh.600987,2017-03-31,13.41
sh.600988,2017-03-31,14.45
sh.600990,2017-03-31,68.95
sh.600992,2017-03-31,16.76
sh.600993,2017-03-31,22.06
sh.600995,2017-03-31,12.8
sh.600996,2017-03-31,16.41
sh.600997,2017-03-31,6.62
sh.600998,2017-03-31,19.51
sh.600999,2017-03-31,16.27
sh.601000,2017-03-31,4.4
sh.601001,2017-03-31,6.15
sh.601002,2017-03-31,10.64
sh.601003,2017-03-31,5.0
sh.601005,2017-03-31,2.52
sh.601006,2017-03-31,7.57
sh.601007,2017-03-31,14.44
sh.601008,2017-03-31,8.29
sh.601009,2017-03-31,12.02
sh.601010,2017-03-31,4.88
sh.601011,2017-03-31,6.92
sh.601012,2017-03-31,15.82
sh.601015,2017-03-31,8.89
sh.601016,2017-03-31,8.72
sh.601018,2017-03-31,5.49
sh.601020,2017-03-31,33.14
sh.601021,2017-03-31,34.74
sh.601028,2017-03-31,9.7
sh.601038,2017-03-31,11.29
sh.601058,2017-03-31,4.09
sh.601069,2017-03-31,21.43
sh.601088,2017-03-31,19.36
sh.601098,2017-03-31,17.97
sh.601099,2017-03-31,4.63
sh.601100,2017-03-31,15.94
sh.601101,2017-03-31,6.98
sh.601106,2017-03-31,4.22
sh.601107,2017-03-31,5.38
sh.601111,2017-03-31,8.29
sh.601113,2017-03-31,10.3
sh.601116,2017-03-31,29.5
sh.601117,2017-03-31,8.75
sh.601118,2017-03-31,6.9
sh.601126,2017-03-31,10.41
sh.601127,2017-03-31,23.9
sh.601128,2017-03-31,12.86
sh.601137,2017-03-31,13.62
sh.601139,2017-03-31,9.09
sh.601155,2017-03-31,15.38
sh.601158,2017-03-31,7.75
sh.601163,2017-03-31,30.46
sh.601166,2017-03-31,16.21
sh.601168,2017-03-31,7.83
sh.601169,2017-03-31,9.61
sh.601177,2017-03-31,11.69
sh.601179,2017-03-31,6.37
sh.601186,2017-03-31,12.99
sh.601188,2017-03-31,5.76
sh.601198,2017-03-31,18.39
sh.601199,2017-03-31,8.11
sh.601200,2017-03-31,29.29
sh.601208,2017-03-31,7.62
sh.601211,2017-03-31,18.25
sh.601212,2017-03-31,13.0
sh.601216,2017-03-31,4.86
sh.601218,2017-03-31,5.23
sh.601222,2017-03-31,7.53
sh.601225,2017-03-31,6.18
sh.601226,2017-03-31,7.82
sh.601228,2017-03-31,3.99
sh.601229,2017-03-31,23.98
sh.601231,2017-03-31,12.32
sh.601233,2017-03-31,15.29
sh.601238,2017-03-31,26.26
sh.601258,2017-03-31,2.88
sh.601288,2017-03-31,3.34
sh.601311,2017-03-31,15.93
sh.601318,2017-03-31,37.01
sh.601328,2017-03-31,6.23
sh.601333,2017-03-31,5.2
sh.601336,2017-03-31,42.19
sh.601339,2017-03-31,6.24
sh.601360,2017-03-31,11.13
sh.601368,2017-03-31,11.26
sh.601369,2017-03-31,7.56
sh.601375,2017-03-31,11.66
sh.601377,2017-03-31,7.66
sh.601388,2017-03-31,4.06
sh.601390,2017-03-31,8.81
sh.601398,2017-03-31,4.84
sh.601500,2017-03-31,18.39
sh.601515,2017-03-31,12.25
sh.601518,2017-03-31,4.32
sh.601519,2017-03-31,6.21
sh.601555,2017-03-31,12.35
sh.601566,2017-03-31,16.99
sh.601567,2017-03-31,11.93
sh.601579,2017-03-31,13.53
sh.601588,2017-03-31,5.29
sh.601595,2017-03-31,34.89
sh.601599,2017-03-31,8.24
sh.601600,2017-03-31,4.65
sh.601601,2017-03-31,27.42
sh.601607,2017-03-31,23.31
sh.601608,2017-03-31,5.8
sh.601611,2017-03-31,17.14
sh.601616,2017-03-31,5.87
sh.601618,2017-03-31,5.08
sh.601628,2017-03-31,25.3
sh.601633,2017-03-31,12.58
sh.601636,2017-03-31,4.42
sh.601666,2017-03-31,5.93
sh.601668,2017-03-31,9.2
sh.601669,2017-03-31,7.68
sh.601677,2017-03-31,14.04
sh.601678,2017-03-31,7.21
sh.601688,2017-03-31,16.81
sh.601689,2017-03-31,32.59
sh.601699,2017-03-31,8.87
sh.601700,2017-03-31,8.47
sh.601717,2017-03-31,8.58
sh.601718,2017-03-31,8.45
sh.601727,2017-03-31,8.42
sh.601766,2017-03-31,10.24
sh.601777,2017-03-31,8.84
sh.601788,2017-03-31,15.32
sh.601789,2017-03-31,6.89
sh.601798,2017-03-31,13.51
sh.601799,2017-03-31,37.85
sh.601800,2017-03-31,17.91
sh.601801,2017-03-31,16.85
sh.601808,2017-03-31,12.65
sh.601811,2017-03-31,21.79
sh.601818,2017-03-31,4.11
sh.601857,2017-03-31,7.87
sh.601858,2017-03-31,17.74
sh.601866,2017-03-31,4.13
sh.601872,2017-03-31,5.43
sh.601877,2017-03-31,20.09
sh.601880,2017-03-31,3.1
sh.601881,2017-03-31,13.36
sh.601882,2017-03-31,24.32
sh.601886,2017-03-31,10.92
sh.601888,2017-03-31,56.69
sh.601890,2017-03-31,9.85
sh.601898,2017-03-31,6.11
sh.601899,2017-03-31,3.38
sh.601900,2017-03-31,14.5
sh.601901,2017-03-31,8.11
sh.601908,2017-03-31,6.33
sh.601918,2017-03-31,5.02
sh.601919,2017-03-31,5.91
sh.601928,2017-03-31,10.04
sh.601929,2017-03-31,4.06
sh.601933,2017-03-31,5.5
sh.601939,2017-03-31,5.94
sh.601958,2017-03-31,7.77
sh.601965,2017-03-31,10.21
sh.601966,2017-03-31,24.98
sh.601968,2017-03-31,8.92
sh.601969,2017-03-31,11.57
sh.601985,2017-03-31,7.26
sh.601988,2017-03-31,3.7
sh.601989,2017-03-31,7.44
sh.601991,2017-03-31,4.93
sh.601992,2017-03-31,4.66
sh.601996,2017-03-31,11.28
sh.601997,2017-03-31,17.49
sh.601998,2017-03-31,6.71
sh.601999,2017-03-31,10.65
sh.603000,2017-03-31,16.63
sh.603001,2017-03-31,22.42
sh.603002,2017-03-31,6.33
sh.603003,2017-03-31,21.43
sh.603005,2017-03-31,33.58
sh.603006,2017-03-31,32.7
sh.603007,2017-03-31,50.05
sh.603008,2017-03-31,20.28
sh.603009,2017-03-31,48.99
sh.603010,2017-03-31,40.59
sh.603011,2017-03-31,11.47
sh.603012,2017-03-31,9.85
sh.603015,2017-03-31,12.13
sh.603016,2017-03-31,34.49
sh.603017,2017-03-31,20.01
sh.603018,2017-03-31,36.65
sh.603019,2017-03-31,26.31
sh.603020,2017-03-31,18.6
sh.603021,2017-03-31,42.46
sh.603022,2017-03-31,22.3
sh.603023,2017-03-31,14.33
sh.603025,2017-03-31,33.23
sh.603026,2017-03-31,34.5
sh.603027,2017-03-31,34.7
sh.603028,2017-03-31,22.1
sh.603029,2017-03-31,43.86
sh.603030,2017-03-31,31.51
sh.603031,2017-03-31,48.69
sh.603032,2017-03-31,34.47
sh.603033,2017-03-31,50.16
sh.603035,2017-03-31,25.87
sh.603036,2017-03-31,40.13
sh.603037,2017-03-31,53.76
sh.603038,2017-03-31,62.07
sh.603039,2017-03-31,82.01
sh.603040,2017-03-31,88.21
sh.603041,2017-03-31,20.46
sh.603058,2017-03-31,25.09
sh.603060,2017-03-31,32.04
sh.603066,2017-03-31,51.01
sh.603067,2017-03-31,25.68
sh.603069,2017-03-31,16.94
sh.603077,2017-03-31,5.16
sh.603085,2017-03-31,50.9
sh.603088,2017-03-31,52.69
sh.603089,2017-03-31,42.63
sh.603090,2017-03-31,39.77
sh.603098,2017-03-31,24.19
sh.603099,2017-03-31,18.0
sh.603100,2017-03-31,14.09
sh.603101,2017-03-31,21.73
sh.603108,2017-03-31,32.29
sh.603111,2017-03-31,14.7
sh.603116,2017-03-31,19.66
sh.603117,2017-03-31,15.05
sh.603118,2017-03-31,36.68
sh.603123,2017-03-31,10.01
sh.603126,2017-03-31,13.2
sh.603128,2017-03-31,9.28
sh.603131,2017-03-31,52.13
sh.603133,2017-03-31,26.73
sh.603138,2017-03-31,72.2
sh.603158,2017-03-31,27.93
sh.603159,2017-03-31,50.53
sh.603160,2017-03-31,94.81
sh.603165,2017-03-31,41.22
sh.603166,2017-03-31,15.63
sh.603167,2017-03-31,10.86
sh.603168,2017-03-31,38.69
sh.603169,2017-03-31,13.74
sh.603177,2017-03-31,28.83
sh.603178,2017-03-31,14.42
sh.603179,2017-03-31,47.84
sh.603186,2017-03-31,42.18
sh.603188,2017-03-31,18.2
sh.603189,2017-03-31,29.87
sh.603198,2017-03-31,21.25
sh.603199,2017-03-31,36.68
sh.603203,2017-03-31,56.17
sh.603208,2017-03-31,61.81
sh.603218,2017-03-31,47.48
sh.603222,2017-03-31,14.9
sh.603223,2017-03-31,31.17
sh.603227,2017-03-31,10.98
sh.603228,2017-03-31,46.86
sh.603238,2017-03-31,39.76
sh.603239,2017-03-31,98.95
sh.603258,2017-03-31,53.33
sh.603266,2017-03-31,42.18
sh.603268,2017-03-31,49.16
sh.603288,2017-03-31,34.81
sh.603298,2017-03-31,27.04
sh.603299,2017-03-31,13.72
sh.603300,2017-03-31,14.37
sh.603303,2017-03-31,29.51
sh.603306,2017-03-31,35.4
sh.603308,2017-03-31,18.73
sh.603309,2017-03-31,23.23
sh.603311,2017-03-31,24.81
sh.603313,2017-03-31,33.94
sh.603315,2017-03-31,23.46
sh.603318,2017-03-31,13.05
sh.603319,2017-03-31,50.19
sh.603322,2017-03-31,125.67
sh.603323,2017-03-31,18.32
sh.603328,2017-03-31,33.8
sh.603330,2017-03-31,88.76
sh.603333,2017-03-31,8.75
sh.603336,2017-03-31,39.29
sh.603337,2017-03-31,34.9
sh.603338,2017-03-31,55.98
sh.603339,2017-03-31,31.37
sh.603345,2017-03-31,44.57
sh.603355,2017-03-31,54.11
sh.603358,2017-03-31,62.91
sh.603360,2017-03-31,36.38
sh.603366,2017-03-31,9.13
sh.603368,2017-03-31,74.65
sh.603369,2017-03-31,13.19
sh.603377,2017-03-31,38.96
sh.603388,2017-03-31,28.06
sh.603389,2017-03-31,33.04
sh.603393,2017-03-31,49.3
sh.603398,2017-03-31,34.82
sh.603399,2017-03-31,10.21
sh.603416,2017-03-31,56.1
sh.603421,2017-03-31,34.05
sh.603429,2017-03-31,86.02
sh.603444,2017-03-31,319.47
sh.603456,2017-03-31,17.98
sh.603508,2017-03-31,61.12
sh.603515,2017-03-31,34.45
sh.603517,2017-03-31,50.56
sh.603518,2017-03-31,35.18
sh.603519,2017-03-31,30.23
sh.603520,2017-03-31,40.31
sh.603528,2017-03-31,62.19
sh.603555,2017-03-31,30.76
sh.603556,2017-03-31,48.46
sh.603558,2017-03-31,25.78
sh.603559,2017-03-31,59.46
sh.603566,2017-03-31,26.44
sh.603567,2017-03-31,18.94
sh.603568,2017-03-31,22.72
sh.603569,2017-03-31,34.59
sh.603577,2017-03-31,49.08
sh.603578,2017-03-31,61.03
sh.603579,2017-03-31,138.59
sh.603585,2017-03-31,67.15
sh.603588,2017-03-31,30.47
sh.603589,2017-03-31,34.92
sh.603598,2017-03-31,19.03
sh.603599,2017-03-31,16.68
sh.603600,2017-03-31,52.58
sh.603601,2017-03-31,16.97
sh.603603,2017-03-31,37.47
sh.603606,2017-03-31,16.15
sh.603608,2017-03-31,19.82
sh.603609,2017-03-31,12.04
sh.603611,2017-03-31,33.44
sh.603615,2017-03-31,27.8
sh.603616,2017-03-31,14.55
sh.603618,2017-03-31,11.66
sh.603626,2017-03-31,58.77
sh.603628,2017-03-31,42.17
sh.603630,2017-03-31,54.79
sh.603633,2017-03-31,36.32
sh.603636,2017-03-31,94.23
sh.603637,2017-03-31,43.8
sh.603638,2017-03-31,30.02
sh.603639,2017-03-31,55.0
sh.603656,2017-03-31,67.64
sh.603658,2017-03-31,45.77
sh.603660,2017-03-31,32.27
sh.603663,2017-03-31,32.21
sh.603665,2017-03-31,59.09
sh.603667,2017-03-31,30.3
sh.603668,2017-03-31,27.75
sh.603669,2017-03-31,29.73
sh.603677,2017-03-31,61.39
sh.603678,2017-03-31,77.81
sh.603686,2017-03-31,34.84
sh.603688,2017-03-31,20.32
sh.603689,2017-03-31,20.35
sh.603690,2017-03-31,24.68
sh.603696,2017-03-31,37.8
sh.603698,2017-03-31,29.19
sh.603699,2017-03-31,16.8
sh.603701,2017-03-31,50.99
sh.603703,2017-03-31,25.62
sh.603708,2017-03-31,26.39
sh.603716,2017-03-31,117.03
sh.603717,2017-03-31,30.86
sh.603718,2017-03-31,16.17
sh.603726,2017-03-31,53.44
sh.603727,2017-03-31,42.35
sh.603729,2017-03-31,86.19
sh.603737,2017-03-31,71.81
sh.603738,2017-03-31,63.64
sh.603766,2017-03-31,21.19
sh.603768,2017-03-31,37.85
sh.603777,2017-03-31,40.74
sh.603778,2017-03-31,24.03
sh.603779,2017-03-31,31.1
sh.603788,2017-03-31,38.63
sh.603789,2017-03-31,26.06
sh.603798,2017-03-31,52.9
sh.603799,2017-03-31,51.8
sh.603800,2017-03-31,32.22
sh.603806,2017-03-31,46.4
sh.603808,2017-03-31,31.68
sh.603811,2017-03-31,58.12
sh.603816,2017-03-31,49.56
sh.603817,2017-03-31,22.49
sh.603818,2017-03-31,16.69
sh.603819,2017-03-31,36.06
sh.603822,2017-03-31,70.69
sh.603823,2017-03-31,30.78
sh.603828,2017-03-31,25.74
sh.603833,2017-03-31,95.99
sh.603838,2017-03-31,20.2
sh.603839,2017-03-31,38.18
sh.603843,2017-03-31,17.97
sh.603858,2017-03-31,88.42
sh.603859,2017-03-31,82.8
sh.603861,2017-03-31,25.98
sh.603866,2017-03-31,43.68
sh.603868,2017-03-31,47.22
sh.603869,2017-03-31,31.66
sh.603877,2017-03-31,36.61
sh.603878,2017-03-31,31.03
sh.603881,2017-03-31,61.31
sh.603883,2017-03-31,43.99
sh.603885,2017-03-31,23.24
sh.603886,2017-03-31,29.41
sh.603887,2017-03-31,44.72
sh.603888,2017-03-31,83.91
sh.603889,2017-03-31,16.36
sh.603898,2017-03-31,36.76
sh.603899,2017-03-31,17.82
sh.603900,2017-03-31,34.55
sh.603901,2017-03-31,14.2
sh.603903,2017-03-31,45.32
sh.603908,2017-03-31,63.39
sh.603909,2017-03-31,47.3
sh.603918,2017-03-31,31.08
sh.603919,2017-03-31,27.31
sh.603928,2017-03-31,25.26
sh.603929,2017-03-31,30.82
sh.603936,2017-03-31,28.17
sh.603939,2017-03-31,29.18
sh.603955,2017-03-31,57.48
sh.603958,2017-03-31,29.02
sh.603959,2017-03-31,26.05
sh.603960,2017-03-31,47.3
sh.603966,2017-03-31,34.75
sh.603968,2017-03-31,23.82
sh.603969,2017-03-31,15.84
sh.603977,2017-03-31,25.49
sh.603979,2017-03-31,19.9
sh.603986,2017-03-31,210.1
sh.603987,2017-03-31,28.44
sh.603988,2017-03-31,69.04
sh.603989,2017-03-31,36.69
sh.603990,2017-03-31,51.89
sh.603991,2017-03-31,52.68
sh.603993,2017-03-31,4.71
sh.603996,2017-03-31,21.21
sh.603997,2017-03-31,25.46
sh.603998,2017-03-31,16.26
sh.603999,2017-03-31,26.74
sz.000001,2017-03-31,9.17
sz.000002,2017-03-31,20.58
sz.000004,2017-03-31,36.0
sz.000005,2017-03-31,6.26
sz.000006,2017-03-31,8.28
sz.000007,2017-03-31,23.81
sz.000008,2017-03-31,8.74
sz.000009,2017-03-31,9.17
sz.000010,2017-03-31,6.78
sz.000011,2017-03-31,16.22
sz.000012,2017-03-31,10.91
sz.000014,2017-03-31,18.15
sz.000016,2017-03-31,4.4
sz.000017,2017-03-31,10.29
sz.000019,2017-03-31,15.22
sz.000020,2017-03-31,24.03
sz.000021,2017-03-31,9.26
sz.000023,2017-03-31,28.13
sz.000025,2017-03-31,48.07
sz.000026,2017-03-31,14.27
sz.000027,2017-03-31,7.12
sz.000028,2017-03-31,75.28
sz.000029,2017-03-31,11.17
sz.000030,2017-03-31,8.42
sz.000031,2017-03-31,8.04
sz.000032,2017-03-31,15.71
sz.000034,2017-03-31,24.45
sz.000035,2017-03-31,7.72
sz.000036,2017-03-31,7.98
sz.000037,2017-03-31,12.16
sz.000038,2017-03-31,38.56
sz.000039,2017-03-31,16.1
sz.000040,2017-03-31,13.14
sz.000042,2017-03-31,20.24
sz.000045,2017-03-31,12.72
sz.000046,2017-03-31,9.07
sz.000048,2017-03-31,33.26
sz.000049,2017-03-31,51.4
sz.000050,2017-03-31,17.11
sz.000055,2017-03-31,14.45
sz.000056,2017-03-31,12.89
sz.000058,2017-03-31,10.0
sz.000059,2017-03-31,11.97
sz.000060,2017-03-31,11.14
sz.000061,2017-03-31,11.01
sz.000062,2017-03-31,25.95
sz.000063,2017-03-31,16.96
sz.000065,2017-03-31,35.8
sz.000066,2017-03-31,10.1
sz.000068,2017-03-31,7.56
sz.000069,2017-03-31,7.3
sz.000070,2017-03-31,24.07
sz.000078,2017-03-31,6.17
sz.000088,2017-03-31,7.87
sz.000089,2017-03-31,8.82
sz.000090,2017-03-31,9.23
sz.000096,2017-03-31,16.25
sz.000099,2017-03-31,11.85
sz.000100,2017-03-31,3.53
sz.000150,2017-03-31,28.5
sz.000151,2017-03-31,23.02
sz.000153,2017-03-31,12.52
sz.000155,2017-03-31,10.27
sz.000156,2017-03-31,16.95
sz.000157,2017-03-31,4.78
sz.000158,2017-03-31,11.31
sz.000159,2017-03-31,9.9
sz.000166,2017-03-31,6.2
sz.000301,2017-03-31,5.1
sz.000333,2017-03-31,33.3
sz.000338,2017-03-31,11.25
sz.000400,2017-03-31,17.67
sz.000401,2017-03-31,13.98
sz.000402,2017-03-31,11.08
sz.000403,2017-03-31,30.45
sz.000404,2017-03-31,9.83
sz.000407,2017-03-31,11.08
sz.000408,2017-03-31,16.08
sz.000409,2017-03-31,13.73
sz.000410,2017-03-31,11.16
sz.000411,2017-03-31,23.86
sz.000413,2017-03-31,11.34
sz.000415,2017-03-31,7.13
sz.000416,2017-03-31,10.56
sz.000417,2017-03-31,8.79
sz.000419,2017-03-31,8.13
sz.000420,2017-03-31,3.97
sz.000421,2017-03-31,8.4
sz.000422,2017-03-31,6.72
sz.000423,2017-03-31,65.6
sz.000425,2017-03-31,4.07
sz.000426,2017-03-31,8.3
sz.000428,2017-03-31,6.37
sz.000429,2017-03-31,7.53
sz.000430,2017-03-31,12.36
sz.000488,2017-03-31,12.12
sz.000498,2017-03-31,8.3
sz.000501,2017-03-31,22.55
sz.000502,2017-03-31,15.38
sz.000503,2017-03-31,34.19
sz.000504,2017-03-31,16.82
sz.000505,2017-03-31,10.77
sz.000506,2017-03-31,10.27
sz.000507,2017-03-31,7.42
sz.000509,2017-03-31,7.36
sz.000510,2017-03-31,10.11
sz.000513,2017-03-31,56.23
sz.000514,2017-03-31,9.73
sz.000516,2017-03-31,7.9
sz.000517,2017-03-31,5.15
sz.000518,2017-03-31,8.05
sz.000519,2017-03-31,16.81
sz.000520,2017-03-31,8.1
sz.000521,2017-03-31,7.14
sz.000523,2017-03-31,11.3
sz.000524,2017-03-31,14.87
sz.000525,2017-03-31,19.08
sz.000526,2017-03-31,36.6
sz.000528,2017-03-31,8.89
sz.000529,2017-03-31,10.75
sz.000530,2017-03-31,11.31
sz.000531,2017-03-31,11.33
sz.000532,2017-03-31,17.24
sz.000533,2017-03-31,11.39
sz.000534,2017-03-31,15.19
sz.000536,2017-03-31,11.08
sz.000537,2017-03-31,9.75
sz.000538,2017-03-31,85.12
sz.000539,2017-03-31,5.6
sz.000540,2017-03-31,6.63
sz.000541,2017-03-31,10.8
sz.000543,2017-03-31,6.96
sz.000544,2017-03-31,20.12
sz.000545,2017-03-31,6.68
sz.000546,2017-03-31,12.37
sz.000547,2017-03-31,14.85
sz.000548,2017-03-31,9.49
sz.000550,2017-03-31,27.33
sz.000551,2017-03-31,10.42
sz.000552,2017-03-31,3.86
sz.000553,2017-03-31,14.33
sz.000554,2017-03-31,11.16
sz.000555,2017-03-31,19.78
sz.000557,2017-03-31,7.63
sz.000558,2017-03-31,14.75
sz.000559,2017-03-31,11.98
sz.000560,2017-03-31,11.34
sz.000561,2017-03-31,14.37
sz.000563,2017-03-31,6.14
sz.000564,2017-03-31,8.18
sz.000565,2017-03-31,12.56
sz.000566,2017-03-31,13.5
sz.000567,2017-03-31,30.58
sz.000568,2017-03-31,42.19
sz.000570,2017-03-31,8.63
sz.000571,2017-03-31,7.9
sz.000572,2017-03-31,5.9
sz.000573,2017-03-31,8.3
sz.000576,2017-03-31,16.88
sz.000581,2017-03-31,22.85
sz.000582,2017-03-31,17.17
sz.000584,2017-03-31,12.79
sz.000585,2017-03-31,7.57
sz.000586,2017-03-31,19.4
sz.000587,2017-03-31,15.14
sz.000589,2017-03-31,6.1
sz.000590,2017-03-31,20.56
sz.000591,2017-03-31,14.28
sz.000592,2017-03-31,6.68
sz.000593,2017-03-31,10.81
sz.000595,2017-03-31,8.32
sz.000596,2017-03-31,50.9
sz.000597,2017-03-31,13.0
sz.000598,2017-03-31,5.78
sz.000599,2017-03-31,7.78
sz.000600,2017-03-31,8.97
sz.000601,2017-03-31,8.31
sz.000603,2017-03-31,15.7
sz.000605,2017-03-31,20.38
sz.000606,2017-03-31,11.01
sz.000607,2017-03-31,9.12
sz.000608,2017-03-31,7.91
sz.000609,2017-03-31,17.51
sz.000610,2017-03-31,14.35
sz.000611,2017-03-31,10.05
sz.000612,2017-03-31,9.57
sz.000613,2017-03-31,15.04
sz.000615,2017-03-31,13.83
sz.000616,2017-03-31,5.0
sz.000617,2017-03-31,18.81
sz.000619,2017-03-31,11.86
sz.000620,2017-03-31,7.57
sz.000622,2017-03-31,8.71
sz.000623,2017-03-31,30.47
sz.000625,2017-03-31,15.78
sz.000626,2017-03-31,22.78
sz.000627,2017-03-31,7.56
sz.000628,2017-03-31,13.75
sz.000629,2017-03-31,2.49
sz.000630,2017-03-31,3.17
sz.000631,2017-03-31,4.94
sz.000632,2017-03-31,8.37
sz.000633,2017-03-31,10.73
sz.000635,2017-03-31,26.15
sz.000636,2017-03-31,10.23
sz.000637,2017-03-31,7.72
sz.000638,2017-03-31,13.05
sz.000639,2017-03-31,19.28
sz.000650,2017-03-31,6.6
sz.000651,2017-03-31,31.7
sz.000652,2017-03-31,5.68
sz.000655,2017-03-31,8.98
sz.000656,2017-03-31,6.02
sz.000657,2017-03-31,13.94
sz.000659,2017-03-31,5.45
sz.000661,2017-03-31,110.0
sz.000663,2017-03-31,14.12
sz.000665,2017-03-31,14.45
sz.000666,2017-03-31,22.97
sz.000667,2017-03-31,3.61
sz.000668,2017-03-31,19.99
sz.000669,2017-03-31,16.57
sz.000670,2017-03-31,8.29
sz.000671,2017-03-31,5.48
sz.000672,2017-03-31,11.07
sz.000673,2017-03-31,13.53
sz.000676,2017-03-31,15.71
sz.000677,2017-03-31,5.73
sz.000678,2017-03-31,12.21
sz.000679,2017-03-31,12.14
sz.000680,2017-03-31,7.06
sz.000681,2017-03-31,19.14
sz.000682,2017-03-31,5.2
sz.000683,2017-03-31,2.9
sz.000685,2017-03-31,10.87
sz.000686,2017-03-31,11.93
sz.000687,2017-03-31,16.75
sz.000688,2017-03-31,8.75
sz.000690,2017-03-31,9.0
sz.000691,2017-03-31,8.33
sz.000692,2017-03-31,6.33
sz.000695,2017-03-31,14.51
sz.000697,2017-03-31,23.51
sz.000698,2017-03-31,7.85
sz.000700,2017-03-31,8.14
sz.000701,2017-03-31,14.1
sz.000702,2017-03-31,12.76
sz.000703,2017-03-31,13.76
sz.000705,2017-03-31,12.29
sz.000707,2017-03-31,7.73
sz.000708,2017-03-31,13.0
sz.000709,2017-03-31,3.61
sz.000710,2017-03-31,60.65
sz.000711,2017-03-31,30.77
sz.000712,2017-03-31,23.48
sz.000713,2017-03-31,10.22
sz.000715,2017-03-31,14.19
sz.000716,2017-03-31,8.06
sz.000717,2017-03-31,5.78
sz.000718,2017-03-31,7.02
sz.000719,2017-03-31,12.01
sz.000720,2017-03-31,6.14
sz.000721,2017-03-31,9.43
sz.000722,2017-03-31,15.68
sz.000723,2017-03-31,12.23
sz.000725,2017-03-31,3.44
sz.000726,2017-03-31,12.85
sz.000727,2017-03-31,3.13
sz.000728,2017-03-31,20.52
sz.000729,2017-03-31,7.5
sz.000731,2017-03-31,9.33
sz.000732,2017-03-31,17.15
sz.000733,2017-03-31,18.82
sz.000735,2017-03-31,6.95
sz.000736,2017-03-31,20.67
sz.000737,2017-03-31,7.09
sz.000738,2017-03-31,24.58
sz.000739,2017-03-31,8.3
sz.000750,2017-03-31,6.39
sz.000751,2017-03-31,5.69
sz.000752,2017-03-31,16.21
sz.000753,2017-03-31,5.43
sz.000755,2017-03-31,6.75
sz.000756,2017-03-31,13.88
sz.000757,2017-03-31,9.17
sz.000758,2017-03-31,8.77
sz.000759,2017-03-31,8.48
sz.000761,2017-03-31,5.69
sz.000762,2017-03-31,18.2
sz.000766,2017-03-31,18.41
sz.000767,2017-03-31,3.97
sz.000768,2017-03-31,24.64
sz.000776,2017-03-31,17.09
sz.000777,2017-03-31,23.61
sz.000778,2017-03-31,5.44
sz.000779,2017-03-31,16.55
sz.000780,2017-03-31,5.25
sz.000782,2017-03-31,9.9
sz.000783,2017-03-31,9.79
sz.000785,2017-03-31,12.87
sz.000786,2017-03-31,12.39
sz.000788,2017-03-31,12.37
sz.000789,2017-03-31,8.83
sz.000790,2017-03-31,11.72
sz.000791,2017-03-31,12.17
sz.000792,2017-03-31,18.39
sz.000793,2017-03-31,10.85
sz.000795,2017-03-31,6.7
sz.000796,2017-03-31,15.47
sz.000797,2017-03-31,18.84
sz.000798,2017-03-31,11.78
sz.000799,2017-03-31,22.12
sz.000800,2017-03-31,11.76
sz.000801,2017-03-31,11.68
sz.000802,2017-03-31,18.01
sz.000803,2017-03-31,20.6
sz.000806,2017-03-31,11.7
sz.000807,2017-03-31,7.3
sz.000809,2017-03-31,4.62
sz.000810,2017-03-31,13.19
sz.000811,2017-03-31,16.94
sz.000812,2017-03-31,11.83
sz.000813,2017-03-31,14.03
sz.000815,2017-03-31,16.45
sz.000816,2017-03-31,6.81
sz.000818,2017-03-31,12.2
sz.000819,2017-03-31,23.25
sz.000820,2017-03-31,40.89
sz.000821,2017-03-31,16.24
sz.000822,2017-03-31,6.42
sz.000823,2017-03-31,14.5
sz.000825,2017-03-31,5.04
sz.000826,2017-03-31,34.3
sz.000828,2017-03-31,14.16
sz.000829,2017-03-31,11.28
sz.000830,2017-03-31,5.62
sz.000831,2017-03-31,13.16
sz.000833,2017-03-31,8.64
sz.000835,2017-03-31,10.16
sz.000836,2017-03-31,7.67
sz.000837,2017-03-31,9.96
sz.000838,2017-03-31,7.49
sz.000839,2017-03-31,10.22
sz.000848,2017-03-31,11.02
sz.000850,2017-03-31,5.99
sz.000851,2017-03-31,12.29
sz.000852,2017-03-31,12.81
sz.000856,2017-03-31,13.47
sz.000858,2017-03-31,43.0
sz.000859,2017-03-31,6.23
sz.000860,2017-03-31,21.46
sz.000861,2017-03-31,4.52
sz.000862,2017-03-31,7.9
sz.000863,2017-03-31,8.26
sz.000868,2017-03-31,6.76
sz.000869,2017-03-31,36.88
sz.000875,2017-03-31,5.95
sz.000876,2017-03-31,8.05
sz.000877,2017-03-31,15.18
sz.000878,2017-03-31,14.01
sz.000880,2017-03-31,15.05
sz.000881,2017-03-31,25.4
sz.000882,2017-03-31,4.09
sz.000883,2017-03-31,4.91
sz.000885,2017-03-31,21.9
sz.000886,2017-03-31,5.37
sz.000887,2017-03-31,24.58
sz.000888,2017-03-31,13.7
sz.000889,2017-03-31,16.7
sz.000890,2017-03-31,10.57
sz.000892,2017-03-31,11.72
sz.000893,2017-03-31,15.5
sz.000895,2017-03-31,22.55
sz.000897,2017-03-31,4.59
sz.000898,2017-03-31,5.52
sz.000899,2017-03-31,9.72
sz.000900,2017-03-31,8.93
sz.000901,2017-03-31,33.6
sz.000902,2017-03-31,9.09
sz.000903,2017-03-31,9.25
sz.000905,2017-03-31,13.61
sz.000906,2017-03-31,15.07
sz.000908,2017-03-31,9.79
sz.000909,2017-03-31,14.76
sz.000910,2017-03-31,22.46
sz.000911,2017-03-31,14.72
sz.000912,2017-03-31,13.22
sz.000913,2017-03-31,17.65
sz.000915,2017-03-31,38.95
sz.000917,2017-03-31,13.32
sz.000918,2017-03-31,7.76
sz.000919,2017-03-31,12.91
sz.000920,2017-03-31,13.2
sz.000921,2017-03-31,14.21
sz.000922,2017-03-31,9.81
sz.000923,2017-03-31,25.0
sz.000925,2017-03-31,23.58
sz.000926,2017-03-31,12.45
sz.000927,2017-03-31,7.74
sz.000928,2017-03-31,23.0
sz.000929,2017-03-31,17.1
sz.000930,2017-03-31,13.08
sz.000931,2017-03-31,8.94
sz.000932,2017-03-31,4.86
sz.000933,2017-03-31,6.91
sz.000935,2017-03-31,23.06
sz.000936,2017-03-31,8.97
sz.000937,2017-03-31,6.7
sz.000938,2017-03-31,56.89
sz.000948,2017-03-31,15.54
sz.000949,2017-03-31,6.21
sz.000950,2017-03-31,9.59
sz.000951,2017-03-31,14.17
sz.000952,2017-03-31,19.61
sz.000953,2017-03-31,12.01
sz.000955,2017-03-31,6.72
sz.000957,2017-03-31,15.9
sz.000958,2017-03-31,14.12
sz.000959,2017-03-31,7.13
sz.000960,2017-03-31,13.16
sz.000961,2017-03-31,7.4
sz.000962,2017-03-31,11.23
sz.000963,2017-03-31,92.65
sz.000965,2017-03-31,6.72
sz.000966,2017-03-31,5.95
sz.000967,2017-03-31,15.39
sz.000968,2017-03-31,14.11
sz.000969,2017-03-31,9.9
sz.000970,2017-03-31,14.5
sz.000971,2017-03-31,19.6
sz.000972,2017-03-31,6.25
sz.000973,2017-03-31,8.37
sz.000975,2017-03-31,14.52
sz.000976,2017-03-31,9.38
sz.000977,2017-03-31,19.0
sz.000978,2017-03-31,11.57
sz.000980,2017-03-31,15.56
sz.000981,2017-03-31,10.14
sz.000982,2017-03-31,9.15
sz.000983,2017-03-31,9.65
sz.000985,2017-03-31,30.24
sz.000987,2017-03-31,13.14
sz.000988,2017-03-31,14.88
sz.000989,2017-03-31,20.61
sz.000990,2017-03-31,15.9
sz.000993,2017-03-31,14.66
sz.000995,2017-03-31,15.17
sz.000996,2017-03-31,23.95
sz.000997,2017-03-31,20.65
sz.000998,2017-03-31,20.75
sz.000999,2017-03-31,27.0
sz.001696,2017-03-31,8.65
sz.001896,2017-03-31,11.86
sz.001979,2017-03-31,17.6
sz.002001,2017-03-31,19.83
sz.002002,2017-03-31,8.5
sz.002003,2017-03-31,14.7
sz.002004,2017-03-31,8.3
sz.002005,2017-03-31,5.63
sz.002006,2017-03-31,9.17
sz.002007,2017-03-31,35.8
sz.002008,2017-03-31,26.27
sz.002009,2017-03-31,13.83
sz.002010,2017-03-31,16.99
sz.002011,2017-03-31,9.07
sz.002012,2017-03-31,13.24
sz.002013,2017-03-31,16.93
sz.002014,2017-03-31,15.1
sz.002015,2017-03-31,8.33
sz.002016,2017-03-31,9.3
sz.002017,2017-03-31,13.33
sz.002019,2017-03-31,16.85
sz.002020,2017-03-31,12.0
sz.002021,2017-03-31,8.91
sz.002022,2017-03-31,19.99
sz.002023,2017-03-31,13.44
sz.002024,2017-03-31,10.8
sz.002025,2017-03-31,25.2
sz.002026,2017-03-31,10.59
sz.002027,2017-03-31,12.17
sz.002028,2017-03-31,15.66
sz.002029,2017-03-31,10.42
sz.002030,2017-03-31,21.31
sz.002031,2017-03-31,3.61
sz.002032,2017-03-31,40.03
sz.002033,2017-03-31,15.49
sz.002034,2017-03-31,53.62
sz.002035,2017-03-31,33.38
sz.002036,2017-03-31,17.8
sz.002037,2017-03-31,16.2
sz.002038,2017-03-31,25.8
sz.002039,2017-03-31,15.98
sz.002040,2017-03-31,23.86
sz.002041,2017-03-31,14.87
sz.002042,2017-03-31,11.53
sz.002043,2017-03-31,14.0
sz.002044,2017-03-31,13.94
sz.002045,2017-03-31,15.8
sz.002046,2017-03-31,14.31
sz.002047,2017-03-31,8.84
sz.002048,2017-03-31,22.61
sz.002049,2017-03-31,30.88
sz.002050,2017-03-31,10.81
sz.002051,2017-03-31,28.33
sz.002052,2017-03-31,8.65
sz.002053,2017-03-31,18.07
sz.002054,2017-03-31,12.1
sz.002055,2017-03-31,21.79
sz.002056,2017-03-31,15.94
sz.002057,2017-03-31,14.62
sz.002058,2017-03-31,26.25
sz.002059,2017-03-31,12.37
sz.002060,2017-03-31,8.51
sz.002061,2017-03-31,8.96
sz.002062,2017-03-31,6.38
sz.002063,2017-03-31,12.11
sz.002064,2017-03-31,5.21
sz.002065,2017-03-31,21.28
sz.002066,2017-03-31,17.88
sz.002067,2017-03-31,6.34
sz.002068,2017-03-31,8.6
sz.002069,2017-03-31,11.48
sz.002072,2017-03-31,24.4
sz.002073,2017-03-31,10.35
sz.002074,2017-03-31,33.02
sz.002075,2017-03-31,16.12
sz.002076,2017-03-31,14.17
sz.002077,2017-03-31,14.46
sz.002078,2017-03-31,7.13
sz.002079,2017-03-31,8.84
sz.002080,2017-03-31,19.6
sz.002081,2017-03-31,11.08
sz.002082,2017-03-31,19.49
sz.002083,2017-03-31,6.95
sz.002084,2017-03-31,10.1
sz.002085,2017-03-31,22.45
sz.002086,2017-03-31,10.45
sz.002087,2017-03-31,6.67
sz.002088,2017-03-31,17.95
sz.002089,2017-03-31,14.12
sz.002090,2017-03-31,22.59
sz.002091,2017-03-31,13.11
sz.002092,2017-03-31,12.9
sz.002093,2017-03-31,10.07
sz.002094,2017-03-31,26.11
sz.002095,2017-03-31,38.73
sz.002096,2017-03-31,14.03
sz.002097,2017-03-31,9.19
sz.002098,2017-03-31,15.73
sz.002099,2017-03-31,7.83
sz.002100,2017-03-31,9.21
sz.002101,2017-03-31,22.23
sz.002102,2017-03-31,5.02
sz.002103,2017-03-31,17.58
sz.002104,2017-03-31,10.06
sz.002105,2017-03-31,11.27
sz.002106,2017-03-31,12.45
sz.002107,2017-03-31,15.7
sz.002108,2017-03-31,23.84
sz.002109,2017-03-31,8.19
sz.002110,2017-03-31,13.8
sz.002111,2017-03-31,21.09
sz.002112,2017-03-31,15.81
sz.002113,2017-03-31,18.81
sz.002114,2017-03-31,20.54
sz.002115,2017-03-31,10.53
sz.002116,2017-03-31,15.32
sz.002117,2017-03-31,30.04
sz.002118,2017-03-31,6.89
sz.002119,2017-03-31,20.9
sz.002120,2017-03-31,46.83
sz.002121,2017-03-31,9.45
sz.002122,2017-03-31,10.44
sz.002123,2017-03-31,13.91
sz.002124,2017-03-31,11.07
sz.002125,2017-03-31,11.91
sz.002126,2017-03-31,8.96
sz.002127,2017-03-31,11.8
sz.002128,2017-03-31,9.0
sz.002129,2017-03-31,8.27
sz.002130,2017-03-31,13.3
sz.002131,2017-03-31,14.52
sz.002132,2017-03-31,6.58
sz.002133,2017-03-31,7.07
sz.002134,2017-03-31,15.78
sz.002135,2017-03-31,7.19
sz.002136,2017-03-31,18.48
sz.002137,2017-03-31,11.59
sz.002138,2017-03-31,18.95
sz.002139,2017-03-31,13.43
sz.002140,2017-03-31,14.48
sz.002141,2017-03-31,7.57
sz.002142,2017-03-31,18.42
sz.002144,2017-03-31,20.87
sz.002145,2017-03-31,6.31
sz.002146,2017-03-31,8.72
sz.002147,2017-03-31,15.0
sz.002148,2017-03-31,21.69
sz.002149,2017-03-31,29.0
sz.002150,2017-03-31,14.9
sz.002151,2017-03-31,31.75
sz.002152,2017-03-31,12.86
sz.002153,2017-03-31,21.59
sz.002154,2017-03-31,4.67
sz.002155,2017-03-31,11.56
sz.002156,2017-03-31,11.02
sz.002157,2017-03-31,6.05
sz.002158,2017-03-31,10.6
sz.002159,2017-03-31,28.84
sz.002160,2017-03-31,8.97
sz.002161,2017-03-31,9.99
sz.002162,2017-03-31,6.61
sz.002163,2017-03-31,10.15
sz.002164,2017-03-31,11.47
sz.002165,2017-03-31,7.47
sz.002166,2017-03-31,12.22
sz.002167,2017-03-31,11.46
sz.002168,2017-03-31,16.99
sz.002169,2017-03-31,19.31
sz.002170,2017-03-31,8.76
sz.002171,2017-03-31,15.66
sz.002172,2017-03-31,10.08
sz.002173,2017-03-31,20.0
sz.002174,2017-03-31,27.87
sz.002175,2017-03-31,16.38
sz.002176,2017-03-31,11.25
sz.002177,2017-03-31,7.08
sz.002178,2017-03-31,9.92
sz.002179,2017-03-31,37.89
sz.002180,2017-03-31,27.65
sz.002181,2017-03-31,7.3
sz.002182,2017-03-31,19.05
sz.002183,2017-03-31,10.18
sz.002184,2017-03-31,18.44
sz.002185,2017-03-31,13.27
sz.002186,2017-03-31,23.1
sz.002187,2017-03-31,13.67
sz.002188,2017-03-31,26.68
sz.002189,2017-03-31,23.05
sz.002190,2017-03-31,31.37
sz.002191,2017-03-31,10.06
sz.002192,2017-03-31,27.8
sz.002193,2017-03-31,21.58
sz.002194,2017-03-31,10.95
sz.002195,2017-03-31,11.58
sz.002196,2017-03-31,21.3
sz.002197,2017-03-31,14.67
sz.002198,2017-03-31,14.31
sz.002199,2017-03-31,17.73
sz.002200,2017-03-31,25.5
sz.002201,2017-03-31,18.31
sz.002202,2017-03-31,16.06
sz.002203,2017-03-31,9.06
sz.002204,2017-03-31,5.43
sz.002205,2017-03-31,29.06
sz.002206,2017-03-31,20.21
sz.002207,2017-03-31,16.69
sz.002208,2017-03-31,15.9
sz.002209,2017-03-31,17.9
sz.002210,2017-03-31,20.9
sz.002211,2017-03-31,10.31
sz.002212,2017-03-31,15.84
sz.002213,2017-03-31,25.46
sz.002214,2017-03-31,12.66
sz.002215,2017-03-31,10.72
sz.002216,2017-03-31,8.97
sz.002217,2017-03-31,19.48
sz.002218,2017-03-31,9.92
sz.002219,2017-03-31,12.69
sz.002221,2017-03-31,12.83
sz.002222,2017-03-31,16.39
sz.002223,2017-03-31,32.08
sz.002224,2017-03-31,14.06
sz.002225,2017-03-31,6.12
sz.002226,2017-03-31,9.53
sz.002227,2017-03-31,21.74
sz.002228,2017-03-31,5.2
sz.002229,2017-03-31,23.73
sz.002230,2017-03-31,35.1
sz.002231,2017-03-31,13.8
sz.002232,2017-03-31,13.39
sz.002233,2017-03-31,10.85
sz.002234,2017-03-31,17.28
sz.002235,2017-03-31,16.94
sz.002236,2017-03-31,15.97
sz.002237,2017-03-31,11.26
sz.002238,2017-03-31,14.99
sz.002239,2017-03-31,13.41
sz.002240,2017-03-31,11.16
sz.002241,2017-03-31,34.04
sz.002242,2017-03-31,18.39
sz.002243,2017-03-31,12.3
sz.002244,2017-03-31,7.02
sz.002245,2017-03-31,9.35
sz.002246,2017-03-31,18.41
sz.002247,2017-03-31,16.14
sz.002248,2017-03-31,10.84
sz.002249,2017-03-31,8.22
sz.002250,2017-03-31,15.73
sz.002251,2017-03-31,13.73
sz.002252,2017-03-31,20.56
sz.002253,2017-03-31,32.09
sz.002254,2017-03-31,12.54
sz.002255,2017-03-31,10.06
sz.002256,2017-03-31,6.02
sz.002258,2017-03-31,15.25
sz.002259,2017-03-31,9.54
sz.002260,2017-03-31,23.1
sz.002261,2017-03-31,11.21
sz.002262,2017-03-31,22.06
sz.002263,2017-03-31,3.59
sz.002264,2017-03-31,9.49
sz.002265,2017-03-31,24.7
sz.002266,2017-03-31,5.46
sz.002267,2017-03-31,9.37
sz.002268,2017-03-31,32.34
sz.002269,2017-03-31,4.5
sz.002270,2017-03-31,14.66
sz.002271,2017-03-31,26.7
sz.002272,2017-03-31,8.5
sz.002273,2017-03-31,22.7
sz.002274,2017-03-31,8.85
sz.002275,2017-03-31,18.78
sz.002276,2017-03-31,13.16
sz.002277,2017-03-31,7.76
sz.002278,2017-03-31,16.8
sz.002279,2017-03-31,18.56
sz.002280,2017-03-31,13.01
sz.002281,2017-03-31,72.9
sz.002282,2017-03-31,13.8
sz.002283,2017-03-31,7.19
sz.002284,2017-03-31,13.87
sz.002285,2017-03-31,7.86
sz.002286,2017-03-31,14.74
sz.002287,2017-03-31,49.35
sz.002288,2017-03-31,7.28
sz.002289,2017-03-31,22.1
sz.002290,2017-03-31,20.05
sz.002291,2017-03-31,19.0
sz.002292,2017-03-31,20.08
sz.002293,2017-03-31,13.05
sz.002294,2017-03-31,28.55
sz.002295,2017-03-31,14.72
sz.002296,2017-03-31,15.79
sz.002297,2017-03-31,14.89
sz.002298,2017-03-31,12.52
sz.002299,2017-03-31,18.59
sz.002300,2017-03-31,16.07
sz.002301,2017-03-31,23.52
sz.002302,2017-03-31,19.99
sz.002303,2017-03-31,9.86
sz.002304,2017-03-31,87.38
sz.002305,2017-03-31,4.87
sz.002306,2017-03-31,5.9
sz.002307,2017-03-31,14.56
sz.002308,2017-03-31,14.56
sz.002309,2017-03-31,13.5
sz.002310,2017-03-31,15.97
sz.002311,2017-03-31,16.53
sz.002312,2017-03-31,6.82
sz.002313,2017-03-31,21.58
sz.002314,2017-03-31,7.8
sz.002315,2017-03-31,58.99
sz.002316,2017-03-31,13.65
sz.002317,2017-03-31,12.53
sz.002318,2017-03-31,9.59
sz.002319,2017-03-31,19.23
sz.002320,2017-03-31,16.05
sz.002321,2017-03-31,9.99
sz.002322,2017-03-31,20.1
sz.002323,2017-03-31,17.12
sz.002324,2017-03-31,28.72
sz.002325,2017-03-31,6.96
sz.002326,2017-03-31,15.25
sz.002327,2017-03-31,9.6
sz.002328,2017-03-31,10.08
sz.002329,2017-03-31,12.65
sz.002330,2017-03-31,12.25
sz.002331,2017-03-31,15.32
sz.002332,2017-03-31,13.3
sz.002333,2017-03-31,18.4
sz.002334,2017-03-31,8.37
sz.002335,2017-03-31,35.25
sz.002336,2017-03-31,12.13
sz.002337,2017-03-31,7.03
sz.002338,2017-03-31,46.53
sz.002339,2017-03-31,18.67
sz.002340,2017-03-31,8.21
sz.002341,2017-03-31,19.25
sz.002342,2017-03-31,7.78
sz.002343,2017-03-31,38.71
sz.002344,2017-03-31,10.18
sz.002345,2017-03-31,11.01
sz.002346,2017-03-31,41.66
sz.002347,2017-03-31,8.87
sz.002348,2017-03-31,7.69
sz.002349,2017-03-31,12.21
sz.002350,2017-03-31,19.0
sz.002351,2017-03-31,15.87
sz.002352,2017-03-31,55.76
sz.002353,2017-03-31,20.73
sz.002354,2017-03-31,65.18
sz.002355,2017-03-31,13.9
sz.002356,2017-03-31,25.67
sz.002357,2017-03-31,12.5
sz.002358,2017-03-31,21.32
sz.002360,2017-03-31,10.43
sz.002361,2017-03-31,8.65
sz.002362,2017-03-31,24.49
sz.002363,2017-03-31,11.53
sz.002364,2017-03-31,17.9
sz.002365,2017-03-31,23.33
sz.002366,2017-03-31,50.38
sz.002367,2017-03-31,13.24
sz.002368,2017-03-31,30.2
sz.002369,2017-03-31,9.33
sz.002370,2017-03-31,32.02
sz.002371,2017-03-31,28.5
sz.002372,2017-03-31,20.38
sz.002373,2017-03-31,13.14
sz.002374,2017-03-31,7.57
sz.002375,2017-03-31,11.17
sz.002376,2017-03-31,13.85
sz.002377,2017-03-31,10.0
sz.002378,2017-03-31,9.75
sz.002379,2017-03-31,8.04
sz.002380,2017-03-31,24.83
sz.002381,2017-03-31,11.96
sz.002382,2017-03-31,12.16
sz.002383,2017-03-31,54.74
sz.002384,2017-03-31,22.08
sz.002385,2017-03-31,6.53
sz.002386,2017-03-31,8.5
sz.002387,2017-03-31,16.15
sz.002388,2017-03-31,13.76
sz.002389,2017-03-31,23.06
sz.002390,2017-03-31,10.17
sz.002391,2017-03-31,16.44
sz.002392,2017-03-31,5.45
sz.002393,2017-03-31,38.93
sz.002394,2017-03-31,16.97
sz.002395,2017-03-31,22.05
sz.002396,2017-03-31,18.82
sz.002397,2017-03-31,8.21
sz.002398,2017-03-31,14.47
sz.002399,2017-03-31,20.85
sz.002400,2017-03-31,13.79
sz.002401,2017-03-31,17.36
sz.002402,2017-03-31,10.67
sz.002403,2017-03-31,13.88
sz.002404,2017-03-31,8.35
sz.002405,2017-03-31,20.09
sz.002406,2017-03-31,9.6
sz.002407,2017-03-31,29.35
sz.002408,2017-03-31,9.74
sz.002409,2017-03-31,22.49
sz.002410,2017-03-31,14.91
sz.002411,2017-03-31,23.85
sz.002412,2017-03-31,17.24
sz.002413,2017-03-31,11.95
sz.002414,2017-03-31,22.51
sz.002415,2017-03-31,31.9
sz.002416,2017-03-31,12.29
sz.002417,2017-03-31,15.5
sz.002418,2017-03-31,9.31
sz.002419,2017-03-31,14.86
sz.002420,2017-03-31,8.9
sz.002421,2017-03-31,6.49
sz.002422,2017-03-31,15.9
sz.002423,2017-03-31,13.09
sz.002424,2017-03-31,17.68
sz.002425,2017-03-31,18.48
sz.002426,2017-03-31,7.68
sz.002427,2017-03-31,25.26
sz.002428,2017-03-31,12.82
sz.002429,2017-03-31,9.93
sz.002430,2017-03-31,10.65
sz.002431,2017-03-31,10.01
sz.002432,2017-03-31,14.1
sz.002433,2017-03-31,10.73
sz.002434,2017-03-31,17.13
sz.002435,2017-03-31,18.54
sz.002436,2017-03-31,6.75
sz.002437,2017-03-31,7.92
sz.002438,2017-03-31,20.22
sz.002439,2017-03-31,19.82
sz.002440,2017-03-31,16.74
sz.002441,2017-03-31,12.41
sz.002442,2017-03-31,13.24
sz.002443,2017-03-31,11.94
sz.002444,2017-03-31,17.3
sz.002445,2017-03-31,15.79
sz.002446,2017-03-31,21.48
sz.002447,2017-03-31,10.24
sz.002448,2017-03-31,11.41
sz.002449,2017-03-31,14.26
sz.002451,2017-03-31,18.53
sz.002452,2017-03-31,8.34
sz.002453,2017-03-31,9.56
sz.002454,2017-03-31,12.97
sz.002455,2017-03-31,14.17
sz.002456,2017-03-31,37.86
sz.002457,2017-03-31,10.84
sz.002458,2017-03-31,27.92
sz.002459,2017-03-31,16.31
sz.002460,2017-03-31,41.33
sz.002461,2017-03-31,13.45
sz.002462,2017-03-31,39.89
sz.002463,2017-03-31,5.0
sz.002464,2017-03-31,69.0
sz.002465,2017-03-31,11.74
sz.002466,2017-03-31,43.2
sz.002467,2017-03-31,9.72
sz.002468,2017-03-31,28.39
sz.002469,2017-03-31,9.31
sz.002470,2017-03-31,7.22
sz.002471,2017-03-31,5.94
sz.002472,2017-03-31,11.09
sz.002473,2017-03-31,23.99
sz.002474,2017-03-31,12.21
sz.002475,2017-03-31,25.3
sz.002476,2017-03-31,9.15
sz.002478,2017-03-31,16.69
sz.002479,2017-03-31,13.7
sz.002480,2017-03-31,10.05
sz.002481,2017-03-31,8.07
sz.002482,2017-03-31,9.21
sz.002483,2017-03-31,14.6
sz.002484,2017-03-31,14.64
sz.002485,2017-03-31,20.91
sz.002486,2017-03-31,8.64
sz.002487,2017-03-31,8.78
sz.002488,2017-03-31,16.09
sz.002489,2017-03-31,7.87
sz.002490,2017-03-31,7.24
sz.002491,2017-03-31,14.76
sz.002492,2017-03-31,12.66
sz.002493,2017-03-31,15.04
sz.002494,2017-03-31,11.32
sz.002495,2017-03-31,5.37
sz.002496,2017-03-31,5.16
sz.002497,2017-03-31,9.07
sz.002498,2017-03-31,4.15
sz.002499,2017-03-31,27.89
sz.002500,2017-03-31,11.04
sz.002501,2017-03-31,12.99
sz.002502,2017-03-31,11.32
sz.002503,2017-03-31,13.36
sz.002504,2017-03-31,7.55
sz.002505,2017-03-31,3.5
sz.002506,2017-03-31,4.66
sz.002507,2017-03-31,15.73
sz.002508,2017-03-31,49.6
sz.002510,2017-03-31,6.13
sz.002511,2017-03-31,18.65
sz.002512,2017-03-31,14.8
sz.002513,2017-03-31,16.31
sz.002514,2017-03-31,8.45
sz.002515,2017-03-31,15.77
sz.002516,2017-03-31,6.77
sz.002517,2017-03-31,30.44
sz.002518,2017-03-31,19.48
sz.002519,2017-03-31,19.82
sz.002520,2017-03-31,11.41
sz.002521,2017-03-31,11.57
sz.002522,2017-03-31,19.48
sz.002523,2017-03-31,7.14
sz.002524,2017-03-31,10.68
sz.002526,2017-03-31,10.46
sz.002527,2017-03-31,12.7
sz.002528,2017-03-31,6.72
sz.002529,2017-03-31,17.92
sz.002530,2017-03-31,36.84
sz.002531,2017-03-31,7.32
sz.002532,2017-03-31,13.06
sz.002533,2017-03-31,9.54
sz.002534,2017-03-31,12.24
sz.002535,2017-03-31,6.72
sz.002536,2017-03-31,13.64
sz.002537,2017-03-31,30.59
sz.002538,2017-03-31,10.32
sz.002539,2017-03-31,10.38
sz.002540,2017-03-31,7.6
sz.002541,2017-03-31,18.49
sz.002542,2017-03-31,8.65
sz.002543,2017-03-31,20.65
sz.002544,2017-03-31,26.29
sz.002545,2017-03-31,10.14
sz.002546,2017-03-31,7.33
sz.002547,2017-03-31,10.94
sz.002548,2017-03-31,13.52
sz.002549,2017-03-31,9.83
sz.002550,2017-03-31,6.69
sz.002551,2017-03-31,17.62
sz.002552,2017-03-31,15.78
sz.002553,2017-03-31,15.25
sz.002554,2017-03-31,7.68
sz.002555,2017-03-31,20.77
sz.002556,2017-03-31,8.95
sz.002557,2017-03-31,16.54
sz.002558,2017-03-31,88.05
sz.002559,2017-03-31,13.38
sz.002560,2017-03-31,12.13
sz.002561,2017-03-31,15.79
sz.002562,2017-03-31,14.15
sz.002563,2017-03-31,9.83
sz.002564,2017-03-31,11.22
sz.002565,2017-03-31,8.82
sz.002566,2017-03-31,12.5
sz.002567,2017-03-31,14.97
sz.002568,2017-03-31,21.14
sz.002569,2017-03-31,55.4
sz.002570,2017-03-31,12.97
sz.002571,2017-03-31,11.3
sz.002572,2017-03-31,68.9
sz.002573,2017-03-31,19.36
sz.002574,2017-03-31,9.79
sz.002575,2017-03-31,14.79
sz.002576,2017-03-31,24.67
sz.002577,2017-03-31,30.4
sz.002578,2017-03-31,11.89
sz.002579,2017-03-31,12.52
sz.002580,2017-03-31,16.6
sz.002581,2017-03-31,23.68
sz.002582,2017-03-31,27.5
sz.002583,2017-03-31,14.59
sz.002584,2017-03-31,13.92
sz.002585,2017-03-31,11.55
sz.002586,2017-03-31,9.84
sz.002587,2017-03-31,13.17
sz.002588,2017-03-31,10.02
sz.002589,2017-03-31,41.02
sz.002590,2017-03-31,17.9
sz.002591,2017-03-31,15.8
sz.002592,2017-03-31,29.72
sz.002593,2017-03-31,6.66
sz.002594,2017-03-31,48.02
sz.002595,2017-03-31,24.82
sz.002596,2017-03-31,26.88
sz.002597,2017-03-31,19.87
sz.002598,2017-03-31,11.88
sz.002599,2017-03-31,36.1
sz.002600,2017-03-31,11.46
sz.002601,2017-03-31,16.88
sz.002602,2017-03-31,34.63
sz.002603,2017-03-31,17.85
sz.002605,2017-03-31,16.31
sz.002606,2017-03-31,41.84
sz.002607,2017-03-31,10.42
sz.002608,2017-03-31,13.88
sz.002609,2017-03-31,15.97
sz.002610,2017-03-31,2.77
sz.002611,2017-03-31,16.78
sz.002612,2017-03-31,16.86
sz.002613,2017-03-31,7.21
sz.002614,2017-03-31,15.48
sz.002615,2017-03-31,16.66
sz.002616,2017-03-31,22.96
sz.002617,2017-03-31,14.47
sz.002618,2017-03-31,20.18
sz.002619,2017-03-31,15.42
sz.002620,2017-03-31,47.54
sz.002621,2017-03-31,24.78
sz.002622,2017-03-31,12.78
sz.002623,2017-03-31,39.73
sz.002624,2017-03-31,29.49
sz.002625,2017-03-31,33.98
sz.002626,2017-03-31,13.9
sz.002627,2017-03-31,22.08
sz.002628,2017-03-31,8.07
sz.002629,2017-03-31,9.26
sz.002630,2017-03-31,12.43
sz.002631,2017-03-31,16.83
sz.002632,2017-03-31,10.06
sz.002633,2017-03-31,18.28
sz.002634,2017-03-31,10.98
sz.002635,2017-03-31,46.9
sz.002636,2017-03-31,19.95
sz.002637,2017-03-31,13.55
sz.002638,2017-03-31,9.04
sz.002639,2017-03-31,11.62
sz.002640,2017-03-31,17.14
sz.002641,2017-03-31,7.83
sz.002642,2017-03-31,24.56
sz.002643,2017-03-31,34.55
sz.002644,2017-03-31,10.9
sz.002645,2017-03-31,24.94
sz.002646,2017-03-31,20.1
sz.002647,2017-03-31,58.7
sz.002648,2017-03-31,12.81
sz.002649,2017-03-31,40.43
sz.002650,2017-03-31,6.87
sz.002651,2017-03-31,15.33
sz.002652,2017-03-31,18.11
sz.002653,2017-03-31,15.32
sz.002654,2017-03-31,11.35
sz.002655,2017-03-31,14.0
sz.002656,2017-03-31,17.6
sz.002657,2017-03-31,33.69
sz.002658,2017-03-31,15.56
sz.002659,2017-03-31,16.5
sz.002660,2017-03-31,12.18
sz.002661,2017-03-31,16.28
sz.002662,2017-03-31,18.23
sz.002663,2017-03-31,6.12
sz.002664,2017-03-31,25.39
sz.002665,2017-03-31,8.15
sz.002666,2017-03-31,7.92
sz.002667,2017-03-31,20.17
sz.002668,2017-03-31,68.86
sz.002669,2017-03-31,29.49
sz.002670,2017-03-31,27.86
sz.002671,2017-03-31,10.61
sz.002672,2017-03-31,17.83
sz.002673,2017-03-31,18.28
sz.002674,2017-03-31,16.17
sz.002675,2017-03-31,14.3
sz.002676,2017-03-31,26.89
sz.002677,2017-03-31,14.42
sz.002678,2017-03-31,14.77
sz.002679,2017-03-31,33.36
sz.002681,2017-03-31,12.93
sz.002682,2017-03-31,12.68
sz.002683,2017-03-31,10.66
sz.002684,2017-03-31,32.52
sz.002685,2017-03-31,9.99
sz.002686,2017-03-31,15.4
sz.002687,2017-03-31,10.14
sz.002688,2017-03-31,9.7
sz.002689,2017-03-31,8.47
sz.002690,2017-03-31,18.3
sz.002691,2017-03-31,25.04
sz.002692,2017-03-31,10.24
sz.002693,2017-03-31,9.25
sz.002694,2017-03-31,36.3
sz.002695,2017-03-31,22.87
sz.002696,2017-03-31,22.7
sz.002697,2017-03-31,7.35
sz.002698,2017-03-31,15.32
sz.002699,2017-03-31,35.47
sz.002700,2017-03-31,13.5
sz.002701,2017-03-31,8.21
sz.002702,2017-03-31,17.21
sz.002703,2017-03-31,32.38
sz.002705,2017-03-31,19.53
sz.002706,2017-03-31,27.69
sz.002707,2017-03-31,15.33
sz.002708,2017-03-31,12.29
sz.002709,2017-03-31,50.17
sz.002712,2017-03-31,28.18
sz.002713,2017-03-31,26.05
sz.002714,2017-03-31,27.2
sz.002715,2017-03-31,30.14
sz.002716,2017-03-31,20.74
sz.002717,2017-03-31,24.96
sz.002718,2017-03-31,68.03
sz.002719,2017-03-31,44.06
sz.002721,2017-03-31,15.3
sz.002722,2017-03-31,40.31
sz.002723,2017-03-31,25.1
sz.002724,2017-03-31,25.84
sz.002725,2017-03-31,20.94
sz.002726,2017-03-31,20.21
sz.002727,2017-03-31,21.12
sz.002728,2017-03-31,29.92
sz.002729,2017-03-31,83.5
sz.002730,2017-03-31,19.69
sz.002731,2017-03-31,27.39
sz.002732,2017-03-31,32.63
sz.002733,2017-03-31,19.38
sz.002734,2017-03-31,31.19
sz.002735,2017-03-31,47.56
sz.002736,2017-03-31,14.58
sz.002737,2017-03-31,35.33
sz.002738,2017-03-31,27.51
sz.002739,2017-03-31,56.52
sz.002740,2017-03-31,16.06
sz.002741,2017-03-31,18.05
sz.002742,2017-03-31,24.8
sz.002743,2017-03-31,14.1
sz.002745,2017-03-31,36.49
sz.002746,2017-03-31,43.4
sz.002747,2017-03-31,41.34
sz.002748,2017-03-31,22.85
sz.002749,2017-03-31,93.21
sz.002750,2017-03-31,15.83
sz.002751,2017-03-31,39.17
sz.002752,2017-03-31,18.45
sz.002753,2017-03-31,29.05
sz.002755,2017-03-31,37.27
sz.002756,2017-03-31,28.8
sz.002757,2017-03-31,41.31
sz.002758,2017-03-31,27.01
sz.002759,2017-03-31,26.51
sz.002760,2017-03-31,34.69
sz.002761,2017-03-31,57.47
sz.002762,2017-03-31,45.05
sz.002763,2017-03-31,30.81
sz.002765,2017-03-31,30.6
sz.002766,2017-03-31,35.39
sz.002767,2017-03-31,39.45
sz.002768,2017-03-31,24.3
sz.002769,2017-03-31,19.4
sz.002770,2017-03-31,10.39
sz.002771,2017-03-31,67.0
sz.002772,2017-03-31,17.69
sz.002773,2017-03-31,44.18
sz.002774,2017-03-31,14.15
sz.002775,2017-03-31,22.69
sz.002776,2017-03-31,28.5
sz.002777,2017-03-31,78.55
sz.002778,2017-03-31,34.84
sz.002779,2017-03-31,36.5
sz.002780,2017-03-31,58.94
sz.002781,2017-03-31,33.5
sz.002782,2017-03-31,22.85
sz.002783,2017-03-31,82.19
sz.002785,2017-03-31,26.37
sz.002786,2017-03-31,17.9
sz.002787,2017-03-31,38.32
sz.002788,2017-03-31,46.7
sz.002789,2017-03-31,61.0
sz.002790,2017-03-31,39.98
sz.002791,2017-03-31,44.14
sz.002792,2017-03-31,37.74
sz.002793,2017-03-31,58.48
sz.002795,2017-03-31,63.7
sz.002796,2017-03-31,50.87
sz.002797,2017-03-31,28.35
sz.002798,2017-03-31,55.66
sz.002799,2017-03-31,51.39
sz.002800,2017-03-31,55.23
sz.002801,2017-03-31,107.81
sz.002802,2017-03-31,61.38
sz.002803,2017-03-31,45.38
sz.002805,2017-03-31,43.21
sz.002806,2017-03-31,51.7
sz.002807,2017-03-31,18.69
sz.002808,2017-03-31,37.98
sz.002809,2017-03-31,80.3
sz.002810,2017-03-31,44.24
sz.002811,2017-03-31,35.45
sz.002812,2017-03-31,55.5
sz.002813,2017-03-31,47.96
sz.002815,2017-03-31,39.79
sz.002816,2017-03-31,40.16
sz.002817,2017-03-31,56.73
sz.002818,2017-03-31,48.89
sz.002819,2017-03-31,46.31
sz.002820,2017-03-31,45.87
sz.002821,2017-03-31,130.78
sz.002822,2017-03-31,24.7
sz.002823,2017-03-31,52.19
sz.002824,2017-03-31,42.51
sz.002825,2017-03-31,51.09
sz.002826,2017-03-31,27.7
sz.002827,2017-03-31,31.57
sz.002828,2017-03-31,39.7
sz.002829,2017-03-31,88.05
sz.002830,2017-03-31,64.8
sz.002831,2017-03-31,69.31
sz.002832,2017-03-31,61.84
sz.002833,2017-03-31,55.54
sz.002835,2017-03-31,39.09
sz.002836,2017-03-31,72.72
sz.002837,2017-03-31,52.32
sz.002838,2017-03-31,65.22
sz.002839,2017-03-31,29.45
sz.002840,2017-03-31,29.06
sz.002841,2017-03-31,95.8
sz.002842,2017-03-31,51.62
sz.002843,2017-03-31,36.65
sz.002845,2017-03-31,74.32
sz.002846,2017-03-31,42.36
sz.002847,2017-03-31,47.03
sz.002848,2017-03-31,29.49
sz.002849,2017-03-31,55.25
sz.002850,2017-03-31,105.15
sz.002851,2017-03-31,61.85
sz.002852,2017-03-31,117.2
sz.002853,2017-03-31,140.26
sz.002855,2017-03-31,20.2
sz.002856,2017-03-31,39.42
sz.002857,2017-03-31,26.18
sz.002858,2017-03-31,24.75
sz.300001,2017-03-31,16.38
sz.300002,2017-03-31,9.47
sz.300003,2017-03-31,17.33
sz.300004,2017-03-31,13.66
sz.300005,2017-03-31,13.92
sz.300006,2017-03-31,7.54
sz.300007,2017-03-31,18.9
sz.300008,2017-03-31,27.74
sz.300009,2017-03-31,20.09
sz.300010,2017-03-31,15.36
sz.300011,2017-03-31,19.2
sz.300012,2017-03-31,9.59
sz.300013,2017-03-31,13.35
sz.300014,2017-03-31,35.73
sz.300015,2017-03-31,30.23
sz.300016,2017-03-31,16.39
sz.300017,2017-03-31,40.5
sz.300018,2017-03-31,10.65
sz.300019,2017-03-31,12.2
sz.300020,2017-03-31,14.23
sz.300021,2017-03-31,18.35
sz.300022,2017-03-31,8.27
sz.300023,2017-03-31,16.08
sz.300024,2017-03-31,21.61
sz.300025,2017-03-31,10.44
sz.300026,2017-03-31,5.25
sz.300027,2017-03-31,9.8
sz.300029,2017-03-31,12.27
sz.300030,2017-03-31,12.65
sz.300031,2017-03-31,22.2
sz.300032,2017-03-31,14.79
sz.300033,2017-03-31,63.36
sz.300034,2017-03-31,21.19
sz.300035,2017-03-31,15.27
sz.300036,2017-03-31,16.98
sz.300037,2017-03-31,51.06
sz.300038,2017-03-31,40.86
sz.300039,2017-03-31,10.21
sz.300040,2017-03-31,12.39
sz.300041,2017-03-31,11.16
sz.300042,2017-03-31,36.61
sz.300043,2017-03-31,9.08
sz.300044,2017-03-31,23.2
sz.300045,2017-03-31,13.23
sz.300046,2017-03-31,22.19
sz.300047,2017-03-31,14.45
sz.300048,2017-03-31,7.91
sz.300049,2017-03-31,19.28
sz.300050,2017-03-31,11.06
sz.300051,2017-03-31,13.99
sz.300052,2017-03-31,20.79
sz.300053,2017-03-31,12.65
sz.300054,2017-03-31,20.62
sz.300055,2017-03-31,15.99
sz.300056,2017-03-31,17.88
sz.300057,2017-03-31,14.81
sz.300058,2017-03-31,9.13
sz.300059,2017-03-31,14.98
sz.300061,2017-03-31,21.02
sz.300062,2017-03-31,27.89
sz.300063,2017-03-31,24.88
sz.300064,2017-03-31,10.13
sz.300065,2017-03-31,38.52
sz.300066,2017-03-31,6.37
sz.300067,2017-03-31,8.23
sz.300068,2017-03-31,20.14
sz.300069,2017-03-31,37.2
sz.300070,2017-03-31,16.22
sz.300071,2017-03-31,8.4
sz.300072,2017-03-31,62.57
sz.300073,2017-03-31,53.05
sz.300074,2017-03-31,8.46
sz.300075,2017-03-31,16.66
sz.300076,2017-03-31,10.82
sz.300077,2017-03-31,14.36
sz.300078,2017-03-31,23.8
sz.300079,2017-03-31,6.75
sz.300080,2017-03-31,8.86
sz.300081,2017-03-31,14.1
sz.300082,2017-03-31,8.26
sz.300083,2017-03-31,9.0
sz.300084,2017-03-31,12.4
sz.300085,2017-03-31,18.58
sz.300086,2017-03-31,12.55
sz.300087,2017-03-31,13.0
sz.300088,2017-03-31,15.8
sz.300089,2017-03-31,16.65
sz.300091,2017-03-31,14.8
sz.300092,2017-03-31,12.36
sz.300093,2017-03-31,22.12
sz.300094,2017-03-31,8.35
sz.300095,2017-03-31,13.42
sz.300096,2017-03-31,14.07
sz.300097,2017-03-31,59.61
sz.300098,2017-03-31,12.35
sz.300099,2017-03-31,13.3
sz.300100,2017-03-31,25.98
sz.300101,2017-03-31,18.03
sz.300102,2017-03-31,8.17
sz.300103,2017-03-31,23.7
sz.300105,2017-03-31,8.0
sz.300106,2017-03-31,15.5
sz.300107,2017-03-31,6.56
sz.300108,2017-03-31,8.75
sz.300109,2017-03-31,46.56
sz.300110,2017-03-31,14.01
sz.300111,2017-03-31,4.79
sz.300112,2017-03-31,13.13
sz.300113,2017-03-31,25.68
sz.300114,2017-03-31,22.95
sz.300115,2017-03-31,29.06
sz.300116,2017-03-31,21.76
sz.300117,2017-03-31,6.95
sz.300118,2017-03-31,15.62
sz.300119,2017-03-31,15.34
sz.300120,2017-03-31,15.15
sz.300121,2017-03-31,15.47
sz.300122,2017-03-31,18.69
sz.300123,2017-03-31,18.46
sz.300124,2017-03-31,21.95
sz.300125,2017-03-31,26.65
sz.300126,2017-03-31,10.55
sz.300127,2017-03-31,18.3
sz.300128,2017-03-31,19.4
sz.300129,2017-03-31,8.24
sz.300130,2017-03-31,23.68
sz.300131,2017-03-31,8.76
sz.300132,2017-03-31,9.0
sz.300133,2017-03-31,11.06
sz.300134,2017-03-31,23.36
sz.300135,2017-03-31,5.8
sz.300136,2017-03-31,34.35
sz.300137,2017-03-31,15.45
sz.300138,2017-03-31,18.85
sz.300139,2017-03-31,12.86
sz.300140,2017-03-31,16.99
sz.300141,2017-03-31,21.7
sz.300142,2017-03-31,13.05
sz.300143,2017-03-31,26.7
sz.300144,2017-03-31,19.52
sz.300145,2017-03-31,28.38
sz.300146,2017-03-31,11.03
sz.300147,2017-03-31,11.44
sz.300148,2017-03-31,20.29
sz.300149,2017-03-31,19.42
sz.300150,2017-03-31,9.02
sz.300151,2017-03-31,12.15
sz.300152,2017-03-31,8.15
sz.300153,2017-03-31,15.2
sz.300154,2017-03-31,9.29
sz.300155,2017-03-31,10.85
sz.300157,2017-03-31,8.4
sz.300158,2017-03-31,19.9
sz.300159,2017-03-31,14.85
sz.300160,2017-03-31,12.04
sz.300161,2017-03-31,24.86
sz.300162,2017-03-31,12.75
sz.300163,2017-03-31,9.03
sz.300164,2017-03-31,8.73
sz.300165,2017-03-31,10.14
sz.300166,2017-03-31,19.85
sz.300167,2017-03-31,14.75
sz.300168,2017-03-31,17.19
sz.300169,2017-03-31,9.72
sz.300170,2017-03-31,11.02
sz.300171,2017-03-31,13.29
sz.300172,2017-03-31,10.56
sz.300173,2017-03-31,15.24
sz.300174,2017-03-31,56.9
sz.300175,2017-03-31,15.48
sz.300176,2017-03-31,55.1
sz.300177,2017-03-31,13.36
sz.300178,2017-03-31,15.97
sz.300179,2017-03-31,7.21
sz.300180,2017-03-31,26.11
sz.300181,2017-03-31,8.27
sz.300182,2017-03-31,9.74
sz.300183,2017-03-31,23.38
sz.300184,2017-03-31,13.58
sz.300185,2017-03-31,3.01
sz.300187,2017-03-31,11.97
sz.300188,2017-03-31,19.05
sz.300189,2017-03-31,4.7
sz.300190,2017-03-31,15.65
sz.300191,2017-03-31,29.95
sz.300192,2017-03-31,15.28
sz.300193,2017-03-31,9.56
sz.300194,2017-03-31,28.6
sz.300195,2017-03-31,15.61
sz.300196,2017-03-31,37.37
sz.300197,2017-03-31,13.4
sz.300198,2017-03-31,7.39
sz.300199,2017-03-31,16.11
sz.300200,2017-03-31,15.85
sz.300201,2017-03-31,8.7
sz.300202,2017-03-31,17.98
sz.300203,2017-03-31,29.61
sz.300204,2017-03-31,16.75
sz.300205,2017-03-31,13.9
sz.300206,2017-03-31,8.35
sz.300207,2017-03-31,12.5
sz.300208,2017-03-31,14.03
sz.300209,2017-03-31,27.82
sz.300210,2017-03-31,16.99
sz.300211,2017-03-31,10.86
sz.300212,2017-03-31,34.0
sz.300213,2017-03-31,21.64
sz.300214,2017-03-31,8.26
sz.300215,2017-03-31,13.0
sz.300217,2017-03-31,3.93
sz.300218,2017-03-31,13.92
sz.300219,2017-03-31,12.45
sz.300220,2017-03-31,25.45
sz.300221,2017-03-31,15.99
sz.300222,2017-03-31,28.0
sz.300223,2017-03-31,48.4
sz.300224,2017-03-31,18.12
sz.300225,2017-03-31,14.13
sz.300226,2017-03-31,38.47
sz.300227,2017-03-31,22.99
sz.300228,2017-03-31,13.15
sz.300229,2017-03-31,15.33
sz.300230,2017-03-31,32.58
sz.300231,2017-03-31,16.7
sz.300232,2017-03-31,14.75
sz.300233,2017-03-31,24.44
sz.300234,2017-03-31,15.17
sz.300235,2017-03-31,24.37
sz.300236,2017-03-31,33.97
sz.300237,2017-03-31,17.71
sz.300238,2017-03-31,30.49
sz.300239,2017-03-31,7.66
sz.300240,2017-03-31,10.28
sz.300241,2017-03-31,13.42
sz.300242,2017-03-31,11.25
sz.300243,2017-03-31,14.8
sz.300244,2017-03-31,31.02
sz.300245,2017-03-31,16.45
sz.300246,2017-03-31,30.55
sz.300247,2017-03-31,7.67
sz.300248,2017-03-31,20.8
sz.300249,2017-03-31,14.1
sz.300250,2017-03-31,23.32
sz.300251,2017-03-31,9.38
sz.300252,2017-03-31,26.39
sz.300253,2017-03-31,17.88
sz.300254,2017-03-31,18.72
sz.300255,2017-03-31,7.5
sz.300256,2017-03-31,11.21
sz.300257,2017-03-31,21.89
sz.300258,2017-03-31,17.15
sz.300259,2017-03-31,11.04
sz.300260,2017-03-31,30.97
sz.300261,2017-03-31,9.8
sz.300262,2017-03-31,16.7
sz.300263,2017-03-31,6.72
sz.300264,2017-03-31,9.84
sz.300265,2017-03-31,14.29
sz.300266,2017-03-31,52.88
sz.300267,2017-03-31,13.4
sz.300268,2017-03-31,35.3
sz.300269,2017-03-31,22.6
sz.300270,2017-03-31,13.26
sz.300271,2017-03-31,17.45
sz.300272,2017-03-31,12.64
sz.300273,2017-03-31,14.4
sz.300274,2017-03-31,10.12
sz.300275,2017-03-31,27.88
sz.300276,2017-03-31,21.71
sz.300277,2017-03-31,11.0
sz.300278,2017-03-31,21.1
sz.300279,2017-03-31,38.72
sz.300280,2017-03-31,31.05
sz.300281,2017-03-31,18.59
sz.300282,2017-03-31,25.12
sz.300283,2017-03-31,8.81
sz.300284,2017-03-31,18.32
sz.300285,2017-03-31,40.03
sz.300286,2017-03-31,25.02
sz.300287,2017-03-31,10.28
sz.300288,2017-03-31,25.78
sz.300289,2017-03-31,12.03
sz.300290,2017-03-31,12.19
sz.300291,2017-03-31,20.23
sz.300292,2017-03-31,7.38
sz.300293,2017-03-31,16.14
sz.300294,2017-03-31,63.77
sz.300295,2017-03-31,24.46
sz.300296,2017-03-31,40.96
sz.300297,2017-03-31,12.08
sz.300298,2017-03-31,18.5
sz.300299,2017-03-31,23.68
sz.300300,2017-03-31,19.93
sz.300301,2017-03-31,7.07
sz.300302,2017-03-31,20.68
sz.300303,2017-03-31,9.19
sz.300304,2017-03-31,15.01
sz.300305,2017-03-31,11.27
sz.300306,2017-03-31,19.9
sz.300307,2017-03-31,10.89
sz.300308,2017-03-31,34.3
sz.300309,2017-03-31,25.08
sz.300310,2017-03-31,25.56
sz.300311,2017-03-31,19.0
sz.300312,2017-03-31,16.01
sz.300313,2017-03-31,19.7
sz.300314,2017-03-31,18.81
sz.300315,2017-03-31,8.84
sz.300316,2017-03-31,14.25
sz.300317,2017-03-31,37.95
sz.300318,2017-03-31,7.9
sz.300319,2017-03-31,31.96
sz.300320,2017-03-31,16.82
sz.300321,2017-03-31,30.67
sz.300322,2017-03-31,17.05
sz.300323,2017-03-31,12.18
sz.300324,2017-03-31,20.39
sz.300325,2017-03-31,6.11
sz.300326,2017-03-31,10.06
sz.300327,2017-03-31,38.2
sz.300328,2017-03-31,10.81
sz.300329,2017-03-31,13.98
sz.300330,2017-03-31,16.55
sz.300331,2017-03-31,25.09
sz.300332,2017-03-31,10.22
sz.300333,2017-03-31,14.45
sz.300334,2017-03-31,16.19
sz.300335,2017-03-31,17.24
sz.300336,2017-03-31,16.52
sz.300337,2017-03-31,9.26
sz.300338,2017-03-31,24.85
sz.300339,2017-03-31,28.92
sz.300340,2017-03-31,56.83
sz.300341,2017-03-31,9.99
sz.300342,2017-03-31,23.27
sz.300343,2017-03-31,19.31
sz.300344,2017-03-31,14.88
sz.300345,2017-03-31,11.17
sz.300346,2017-03-31,30.44
sz.300347,2017-03-31,25.66
sz.300348,2017-03-31,22.36
sz.300349,2017-03-31,32.39
sz.300350,2017-03-31,21.53
sz.300351,2017-03-31,24.25
sz.300352,2017-03-31,16.7
sz.300353,2017-03-31,16.49
sz.300354,2017-03-31,20.37
sz.300355,2017-03-31,14.7
sz.300356,2017-03-31,30.2
sz.300357,2017-03-31,35.51
sz.300358,2017-03-31,16.21
sz.300359,2017-03-31,16.4
sz.300360,2017-03-31,17.96
sz.300362,2017-03-31,19.68
sz.300363,2017-03-31,18.17
sz.300364,2017-03-31,37.28
sz.300365,2017-03-31,37.5
sz.300366,2017-03-31,34.58
sz.300367,2017-03-31,20.04
sz.300368,2017-03-31,16.44
sz.300369,2017-03-31,28.1
sz.300370,2017-03-31,8.39
sz.300371,2017-03-31,26.39
sz.300373,2017-03-31,20.66
sz.300374,2017-03-31,20.76
sz.300375,2017-03-31,22.32
sz.300376,2017-03-31,58.48
sz.300377,2017-03-31,37.38
sz.300378,2017-03-31,19.99
sz.300379,2017-03-31,63.72
sz.300380,2017-03-31,31.05
sz.300381,2017-03-31,21.17
sz.300382,2017-03-31,44.55
sz.300383,2017-03-31,24.05
sz.300384,2017-03-31,39.0
sz.300385,2017-03-31,37.1
sz.300386,2017-03-31,20.88
sz.300387,2017-03-31,26.65
sz.300388,2017-03-31,20.79
sz.300389,2017-03-31,19.66
sz.300390,2017-03-31,11.14
sz.300391,2017-03-31,22.02
sz.300392,2017-03-31,15.2
sz.300393,2017-03-31,55.4
sz.300394,2017-03-31,29.37
sz.300395,2017-03-31,23.56
sz.300396,2017-03-31,35.11
sz.300397,2017-03-31,26.41
sz.300398,2017-03-31,25.6
sz.300399,2017-03-31,28.6
sz.300400,2017-03-31,37.05
sz.300401,2017-03-31,31.18
sz.300402,2017-03-31,24.82
sz.300403,2017-03-31,57.31
sz.300404,2017-03-31,32.68
sz.300405,2017-03-31,39.07
sz.300406,2017-03-31,18.3
sz.300407,2017-03-31,17.0
sz.300408,2017-03-31,19.81
sz.300409,2017-03-31,34.65
sz.300410,2017-03-31,40.03
sz.300411,2017-03-31,37.58
sz.300412,2017-03-31,31.15
sz.300413,2017-03-31,20.29
sz.300414,2017-03-31,28.1
sz.300415,2017-03-31,21.3
sz.300416,2017-03-31,31.74
sz.300417,2017-03-31,39.79
sz.300418,2017-03-31,21.07
sz.300419,2017-03-31,25.43
sz.300420,2017-03-31,29.2
sz.300421,2017-03-31,30.97
sz.300422,2017-03-31,44.35
sz.300423,2017-03-31,34.0
sz.300424,2017-03-31,60.48
sz.300425,2017-03-31,25.74
sz.300426,2017-03-31,25.92
sz.300427,2017-03-31,24.51
sz.300428,2017-03-31,27.15
sz.300429,2017-03-31,30.05
sz.300430,2017-03-31,45.27
sz.300432,2017-03-31,26.0
sz.300433,2017-03-31,30.72
sz.300434,2017-03-31,35.1
sz.300435,2017-03-31,16.89
sz.300436,2017-03-31,47.9
sz.300437,2017-03-31,20.93
sz.300438,2017-03-31,30.17
sz.300439,2017-03-31,26.23
sz.300440,2017-03-31,26.43
sz.300441,2017-03-31,21.45
sz.300442,2017-03-31,38.5
sz.300443,2017-03-31,55.86
sz.300444,2017-03-31,23.2
sz.300445,2017-03-31,26.66
sz.300446,2017-03-31,37.08
sz.300447,2017-03-31,47.59
sz.300448,2017-03-31,26.0
sz.300449,2017-03-31,32.39
sz.300450,2017-03-31,42.75
sz.300451,2017-03-31,33.75
sz.300452,2017-03-31,35.4
sz.300453,2017-03-31,22.08
sz.300455,2017-03-31,19.53
sz.300456,2017-03-31,45.89
sz.300457,2017-03-31,67.44
sz.300458,2017-03-31,69.89
sz.300459,2017-03-31,13.11
sz.300460,2017-03-31,24.93
sz.300461,2017-03-31,68.1
sz.300462,2017-03-31,34.51
sz.300463,2017-03-31,21.9
sz.300464,2017-03-31,16.93
sz.300465,2017-03-31,14.39
sz.300466,2017-03-31,34.05
sz.300467,2017-03-31,46.6
sz.300468,2017-03-31,55.32
sz.300469,2017-03-31,68.48
sz.300470,2017-03-31,40.33
sz.300471,2017-03-31,48.45
sz.300472,2017-03-31,37.88
sz.300473,2017-03-31,62.5
sz.300474,2017-03-31,43.64
sz.300475,2017-03-31,40.26
sz.300476,2017-03-31,23.13
sz.300477,2017-03-31,18.36
sz.300478,2017-03-31,55.75
sz.300479,2017-03-31,25.57
sz.300480,2017-03-31,23.39
sz.300481,2017-03-31,28.08
sz.300482,2017-03-31,81.8
sz.300483,2017-03-31,45.2
sz.300484,2017-03-31,70.3
sz.300485,2017-03-31,39.62
sz.300486,2017-03-31,22.63
sz.300487,2017-03-31,62.4
sz.300488,2017-03-31,70.2
sz.300489,2017-03-31,34.84
sz.300490,2017-03-31,25.0
sz.300491,2017-03-31,63.25
sz.300492,2017-03-31,47.48
sz.300493,2017-03-31,41.96
sz.300494,2017-03-31,26.58
sz.300495,2017-03-31,44.98
sz.300496,2017-03-31,34.07
sz.300497,2017-03-31,57.34
sz.300498,2017-03-31,32.86
sz.300499,2017-03-31,35.18
sz.300500,2017-03-31,73.17
sz.300501,2017-03-31,80.2
sz.300502,2017-03-31,89.24
sz.300503,2017-03-31,61.21
sz.300505,2017-03-31,56.21
sz.300506,2017-03-31,35.59
sz.300507,2017-03-31,102.3
sz.300508,2017-03-31,94.77
sz.300509,2017-03-31,50.24
sz.300510,2017-03-31,34.91
sz.300511,2017-03-31,38.69
sz.300512,2017-03-31,27.24
sz.300513,2017-03-31,73.27
sz.300515,2017-03-31,49.55
sz.300516,2017-03-31,82.09
sz.300517,2017-03-31,40.39
sz.300518,2017-03-31,113.46
sz.300519,2017-03-31,71.83
sz.300520,2017-03-31,68.51
sz.300521,2017-03-31,61.52
sz.300522,2017-03-31,80.88
sz.300523,2017-03-31,90.58
sz.300525,2017-03-31,77.74
sz.300526,2017-03-31,107.03
sz.300527,2017-03-31,23.05
sz.300528,2017-03-31,27.13
sz.300529,2017-03-31,37.65
sz.300530,2017-03-31,56.22
sz.300531,2017-03-31,96.7
sz.300532,2017-03-31,59.42
sz.300533,2017-03-31,100.15
sz.300534,2017-03-31,80.66
sz.300535,2017-03-31,81.26
sz.300536,2017-03-31,42.84
sz.300537,2017-03-31,42.7
sz.300538,2017-03-31,65.37
sz.300539,2017-03-31,48.01
sz.300540,2017-03-31,49.77
sz.300541,2017-03-31,41.26
sz.300542,2017-03-31,43.84
sz.300543,2017-03-31,113.28
sz.300545,2017-03-31,69.6
sz.300546,2017-03-31,95.85
sz.300547,2017-03-31,81.69
sz.300548,2017-03-31,69.46
sz.300549,2017-03-31,63.65
sz.300550,2017-03-31,59.17
sz.300551,2017-03-31,54.35
sz.300552,2017-03-31,48.86
sz.300553,2017-03-31,77.0
sz.300555,2017-03-31,51.15
sz.300556,2017-03-31,47.16
sz.300557,2017-03-31,66.64
sz.300558,2017-03-31,66.34
sz.300559,2017-03-31,56.58
sz.300560,2017-03-31,57.89
sz.300561,2017-03-31,65.9
sz.300562,2017-03-31,133.3
sz.300563,2017-03-31,46.44
sz.300565,2017-03-31,32.18
sz.300566,2017-03-31,63.6
sz.300567,2017-03-31,83.59
sz.300568,2017-03-31,75.3
sz.300569,2017-03-31,95.2
sz.300570,2017-03-31,47.22
sz.300571,2017-03-31,123.55
sz.300572,2017-03-31,57.09
sz.300573,2017-03-31,48.24
sz.300575,2017-03-31,62.65
sz.300576,2017-03-31,44.79
sz.300577,2017-03-31,77.15
sz.300578,2017-03-31,52.3
sz.300579,2017-03-31,62.3
sz.300580,2017-03-31,29.72
sz.300581,2017-03-31,108.27
sz.300582,2017-03-31,36.49
sz.300583,2017-03-31,70.9
sz.300584,2017-03-31,47.09
sz.300585,2017-03-31,47.2
sz.300586,2017-03-31,39.13
sz.300587,2017-03-31,39.98
sz.300588,2017-03-31,43.48
sz.300589,2017-03-31,44.38
sz.300590,2017-03-31,69.35
sz.300591,2017-03-31,29.29
sz.300592,2017-03-31,33.07
sz.300593,2017-03-31,39.37
sz.300595,2017-03-31,101.41
sz.300596,2017-03-31,40.18
sz.300597,2017-03-31,25.05
sz.300598,2017-03-31,54.05
sz.300599,2017-03-31,26.98
sz.300600,2017-03-31,69.48
sz.300601,2017-03-31,30.96
sz.300602,2017-03-31,60.2
sz.300603,2017-03-31,43.89
sz.300605,2017-03-31,46.0
sz.300606,2017-03-31,42.8
sz.300607,2017-03-31,80.0
sz.300608,2017-03-31,63.27
sz.300609,2017-03-31,55.28
sz.300610,2017-03-31,40.36
sz.300611,2017-03-31,61.52
sz.300612,2017-03-31,92.39
sz.300613,2017-03-31,229.61
sz.300615,2017-03-31,52.25
sz.300616,2017-03-31,154.0
sz.300617,2017-03-31,91.99
sz.300618,2017-03-31,107.84
sz.300619,2017-03-31,65.71
sz.300620,2017-03-31,56.27
sz.300621,2017-03-31,35.31
sz.300622,2017-03-31,44.45
sz.300623,2017-03-31,92.64
sz.300625,2017-03-31,55.17
sz.300626,2017-03-31,25.48
sz.300627,2017-03-31,39.42
sz.300628,2017-03-31,331.2
sz.300629,2017-03-31,19.2
sz.300630,2017-03-31,22.03
sz.300631,2017-03-31,30.56
sz.300635,2017-03-31,17.84
sz.300636,2017-03-31,20.84
